tweet_id,timestamp,source,text,expanded_urls,rating_numerator,name,dog_stage,jpg_url,img_num,p1,p1_conf,p1_dog,p2,p2_conf,p2_dog,p3,p3_conf,p3_dog,retweet_count,favorite_count
890240255349198849,2017-07-26 15:59:51+00:00,"<a href=""http://twitter.com/download/iphone"" rel=""nofollow"">Twitter for iPhone</a>",This is Cassie. She is a college pup. Studying international doggo communication and stick theory. 14/10 so elegant much sophisticate https://t.co/t1bfwz5S2A,https://twitter.com/dog_rates/status/890240255349198849/photo/1,14,Cassie,doggo,https://pbs.twimg.com/media/DFrEyVuW0AAO3t9.jpg,1.0,Pembroke,0.511319,True,Cardigan,0.451038,True,Chihuahua,0.0292482,True,7711.0,32467.0
884162670584377345,2017-07-09 21:29:42+00:00,"<a href=""http://twitter.com/download/iphone"" rel=""nofollow"">Twitter for iPhone</a>",Meet Yogi. He doesn't have any important dog meetings today he just enjoys looking his best at all times. 12/10 for dangerously dapper doggo https://t.co/YSI00BzTBZ,https://twitter.com/dog_rates/status/884162670584377345/photo/1,12,Yogi,doggo,https://pbs.twimg.com/media/DEUtQbzW0AUTv_o.jpg,1.0,German_shepherd,0.707046,True,malinois,0.199396,True,Norwegian_elkhound,0.0491476,True,3128.0,20771.0
871515927908634625,2017-06-04 23:56:03+00:00,"<a href=""http://twitter.com/download/iphone"" rel=""nofollow"">Twitter for iPhone</a>",This is Napolean. He's a Raggedy East Nicaraguan Zoom Zoom. Runs on one leg. Built for deception. No eyes. Good with kids. 12/10 great doggo https://t.co/PR7B7w1rUw,"https://twitter.com/dog_rates/status/871515927908634625/photo/1,https://twitter.com/dog_rates/status/871515927908634625/photo/1",12,Napolean,doggo,https://pbs.twimg.com/media/DBg_HT9WAAEeIMM.jpg,2.0,komondor,0.974781,True,briard,0.0200413,True,swab,0.00322824,False,3628.0,20730.0
869596645499047938,2017-05-30 16:49:31+00:00,"<a href=""http://twitter.com/download/iphone"" rel=""nofollow"">Twitter for iPhone</a>",This is Scout. He just graduated. Officially a doggo now. Have fun with taxes and losing sight of your ambitions. 12/10 would throw cap for https://t.co/DsA2hwXAJo,"https://twitter.com/dog_rates/status/869596645499047938/photo/1,https://twitter.com/dog_rates/status/869596645499047938/photo/1",12,Scout,doggo,https://pbs.twimg.com/media/DBFtiYqWAAAsjj1.jpg,1.0,Chihuahua,0.955156,True,toy_terrier,0.00805373,True,muzzle,0.00629563,False,3327.0,16476.0
851953902622658560,2017-04-12 00:23:33+00:00,"<a href=""http://twitter.com/download/iphone"" rel=""nofollow"">Twitter for iPhone</a>",RT @dog_rates: This is Astrid. She's a guide doggo in training. 13/10 would follow anywhere https://t.co/xo7FZFIAao,"https://twitter.com/dog_rates/status/829374341691346946/photo/1,https://twitter.com/dog_rates/status/829374341691346946/photo/1,https://twitter.com/dog_rates/status/829374341691346946/photo/1,https://twitter.com/dog_rates/status/829374341691346946/photo/1",13,Astrid,doggo,https://pbs.twimg.com/media/C4KHj-nWQAA3poV.jpg,1.0,Staffordshire_bullterrier,0.757547,True,American_Staffordshire_terrier,0.14995,True,Chesapeake_Bay_retriever,0.0475227,True,10706.0,0.0
846514051647705089,2017-03-28 00:07:32+00:00,"<a href=""http://twitter.com/download/iphone"" rel=""nofollow"">Twitter for iPhone</a>",This is Barney. He's an elder doggo. Hitches a ride when he gets tired. Waves goodbye before he leaves. 13/10 please come back soon https://t.co/cFAasDXauK,"https://twitter.com/dog_rates/status/846514051647705089/photo/1,https://twitter.com/dog_rates/status/846514051647705089/photo/1,https://twitter.com/dog_rates/status/846514051647705089/photo/1",13,Barney,doggo,https://pbs.twimg.com/media/C79sB4xXwAEvwKY.jpg,2.0,golden_retriever,0.650003,True,Leonberg,0.0651992,True,Norfolk_terrier,0.0529553,True,13076.0,48410.0
845397057150107648,2017-03-24 22:08:59+00:00,"<a href=""http://twitter.com/download/iphone"" rel=""nofollow"">Twitter for iPhone</a>","Say hello to Mimosa. She's an emotional support doggo who helps her owner with PTSD. 13/10, but she needs your help

https://t.co/L6mLzrd7Mx https://t.co/jMutBFdw5o","https://www.gofundme.com/help-save-a-pup,https://twitter.com/dog_rates/status/845397057150107648/photo/1,https://twitter.com/dog_rates/status/845397057150107648/photo/1",13,Mimosa,doggo,https://pbs.twimg.com/media/C7t0IzLWkAINoft.jpg,1.0,Dandie_Dinmont,0.394404,True,Maltese_dog,0.186537,True,West_Highland_white_terrier,0.181985,True,2072.0,8241.0
836753516572119041,2017-03-01 01:42:39+00:00,"<a href=""http://twitter.com/download/iphone"" rel=""nofollow"">Twitter for iPhone</a>",This is Meera. She just heard about taxes and how much a doghouse in a nice area costs. Not pupared to be a  doggo anymore. 12/10 https://t.co/GZmNEdyoJY,https://twitter.com/dog_rates/status/836753516572119041/photo/1,12,Meera,doggo,https://pbs.twimg.com/media/C5y-4VwWcAIcaoj.jpg,1.0,mortarboard,0.936882,False,academic_gown,0.0208154,False,schipperke,0.0115635,True,5237.0,21029.0
832998151111966721,2017-02-18 17:00:10+00:00,"<a href=""http://twitter.com/download/iphone"" rel=""nofollow"">Twitter for iPhone</a>","This is Rhino. He arrived at a shelter with an elaborate doggo manual for his new family, written by someone who will always love him. 13/10 https://t.co/QX1h0oqMz0","https://twitter.com/dog_rates/status/832998151111966721/photo/1,https://twitter.com/dog_rates/status/832998151111966721/photo/1",13,Rhino,doggo,https://pbs.twimg.com/media/C49nZavUYAEJjGw.jpg,1.0,boxer,0.539036,True,French_bulldog,0.317617,True,bull_mastiff,0.0939285,True,2522.0,14549.0
832273440279240704,2017-02-16 17:00:25+00:00,"<a href=""http://twitter.com/download/iphone"" rel=""nofollow"">Twitter for iPhone</a>",Say hello to Smiley. He's a blind therapy doggo having a h*ckin blast high steppin around in the snow. 14/10 would follow anywhere https://t.co/SHAb1wHjMz,https://twitter.com/dog_rates/status/832273440279240704/video/1,14,Smiley,doggo,https://pbs.twimg.com/ext_tw_video_thumb/832273373149413377/pu/img/qOqxM0b48fEarmq6.jpg,1.0,Pembroke,0.134081,True,ice_bear,0.0519278,False,pug,0.0443109,True,2673.0,12385.0
832032802820481025,2017-02-16 01:04:13+00:00,"<a href=""http://twitter.com/download/iphone"" rel=""nofollow"">Twitter for iPhone</a>","This is Miguel. He was the only remaining doggo at the adoption center after the weekend. Let's change that. 12/10

https://t.co/P0bO8mCQwN https://t.co/SU4K34NT4M","https://www.petfinder.com/petdetail/34918210,https://twitter.com/dog_rates/status/832032802820481025/photo/1,https://twitter.com/dog_rates/status/832032802820481025/photo/1,https://twitter.com/dog_rates/status/832032802820481025/photo/1,https://twitter.com/dog_rates/status/832032802820481025/photo/1",12,Miguel,doggo,https://pbs.twimg.com/media/C4v5a4UWcAIRygc.jpg,1.0,whippet,0.601712,True,Ibizan_hound,0.152662,True,Italian_greyhound,0.135055,True,4746.0,13887.0
831939777352105988,2017-02-15 18:54:34+00:00,"<a href=""http://twitter.com/download/iphone"" rel=""nofollow"">Twitter for iPhone</a>",This is Emanuel. He's a h*ckin rare doggo. Dwells in a semi-urban environment. Round features make him extra collectible. 12/10 would so pet https://t.co/k9bzgyVdUT,https://twitter.com/dog_rates/status/831939777352105988/photo/1,12,Emanuel,doggo,https://pbs.twimg.com/media/C4uk0EWWQAAaZm1.jpg,1.0,Pomeranian,0.153862,True,marmot,0.0912339,False,grey_fox,0.0906441,False,7031.0,26404.0
831322785565769729,2017-02-14 02:02:51+00:00,"<a href=""http://twitter.com/download/iphone"" rel=""nofollow"">Twitter for iPhone</a>",This is Pete. He has no eyes. Needs a guide doggo. Also appears to be considerably fluffy af. 12/10 would hug softly https://t.co/Xc0gyovCtK,https://twitter.com/dog_rates/status/831322785565769729/photo/1,12,Pete,doggo,https://pbs.twimg.com/media/C4lzqQ4UEAApzU0.jpg,1.0,Old_English_sheepdog,0.999715,True,Tibetan_terrier,4.62967e-05,True,guinea_pig,4.118430000000001e-05,False,1744.0,10042.0
829878982036299777,2017-02-10 02:25:42+00:00,"<a href=""http://twitter.com/download/iphone"" rel=""nofollow"">Twitter for iPhone</a>",RT @dog_rates: This is Loki. He smiles like Elvis. Ain't nothin but a hound doggo. 12/10 https://t.co/QV5nx6otZR,"https://twitter.com/dog_rates/status/826958653328592898/photo/1,https://twitter.com/dog_rates/status/826958653328592898/photo/1",12,Loki,doggo,https://pbs.twimg.com/media/C3nygbBWQAAjwcW.jpg,1.0,golden_retriever,0.6173890000000001,True,Labrador_retriever,0.33705300000000005,True,tennis_ball,0.00855442,False,5757.0,0.0
829374341691346946,2017-02-08 17:00:26+00:00,"<a href=""http://twitter.com/download/iphone"" rel=""nofollow"">Twitter for iPhone</a>",This is Astrid. She's a guide doggo in training. 13/10 would follow anywhere https://t.co/xo7FZFIAao,"https://twitter.com/dog_rates/status/829374341691346946/photo/1,https://twitter.com/dog_rates/status/829374341691346946/photo/1",13,Astrid,doggo,https://pbs.twimg.com/media/C4KHj-nWQAA3poV.jpg,1.0,Staffordshire_bullterrier,0.757547,True,American_Staffordshire_terrier,0.14995,True,Chesapeake_Bay_retriever,0.0475227,True,10706.0,38074.0
828381636999917570,2017-02-05 23:15:47+00:00,"<a href=""http://twitter.com/download/iphone"" rel=""nofollow"">Twitter for iPhone</a>",Meet Doobert. He's a deaf doggo. Didn't stop him on the field tho. Absolute legend today. 14/10 would pat head approvingly https://t.co/iCk7zstRA9,https://twitter.com/dog_rates/status/828381636999917570/photo/1,14,Doobert,doggo,https://pbs.twimg.com/media/C38Asz1WEAAvzj3.jpg,1.0,Bedlington_terrier,0.392535,True,Labrador_retriever,0.0890217,True,clumber,0.0817998,True,2554.0,13864.0
826958653328592898,2017-02-02 01:01:21+00:00,"<a href=""http://twitter.com/download/iphone"" rel=""nofollow"">Twitter for iPhone</a>",This is Loki. He smiles like Elvis. Ain't nothin but a hound doggo. 12/10 https://t.co/QV5nx6otZR,https://twitter.com/dog_rates/status/826958653328592898/photo/1,12,Loki,doggo,https://pbs.twimg.com/media/C3nygbBWQAAjwcW.jpg,1.0,golden_retriever,0.6173890000000001,True,Labrador_retriever,0.33705300000000005,True,tennis_ball,0.00855442,False,5757.0,23767.0
826848821049180160,2017-02-01 17:44:55+00:00,"<a href=""http://twitter.com/download/iphone"" rel=""nofollow"">Twitter for iPhone</a>",This is Cupid. He was found in the trash. Now he's well on his way to prosthetic front legs and a long happy doggo life. 13/10 heroic af https://t.co/WS0Gha8vRh,"https://twitter.com/dog_rates/status/826848821049180160/photo/1,https://twitter.com/dog_rates/status/826848821049180160/photo/1,https://twitter.com/dog_rates/status/826848821049180160/photo/1,https://twitter.com/dog_rates/status/826848821049180160/photo/1",13,Cupid,doggo,https://pbs.twimg.com/media/C3mOnZ_XUAAjr2V.jpg,4.0,Great_Pyrenees,0.858764,True,golden_retriever,0.0235257,True,Pekinese,0.017103900000000002,True,11878.0,40325.0
826476773533745153,2017-01-31 17:06:32+00:00,"<a href=""http://twitter.com/download/iphone"" rel=""nofollow"">Twitter for iPhone</a>",This is Pilot. He has mastered the synchronized head tilt and sneaky tongue slip. Usually not unlocked until later doggo days. 12/10 https://t.co/YIV8sw8xkh,https://twitter.com/dog_rates/status/826476773533745153/photo/1,12,Pilot,doggo,https://pbs.twimg.com/media/C3g8M0lWIAEcFgn.jpg,1.0,German_shepherd,0.7418600000000001,True,Tibetan_mastiff,0.122812,True,kelpie,0.10046,True,4821.0,20275.0
821765923262631936,2017-01-18 17:07:18+00:00,"<a href=""http://twitter.com/download/iphone"" rel=""nofollow"">Twitter for iPhone</a>",This is Duchess. She uses dark doggo forces to levitate her toys. 13/10 magical af https://t.co/maDNMETA52,https://twitter.com/dog_rates/status/821765923262631936/photo/1,13,Duchess,doggo,https://pbs.twimg.com/media/C2d_vnHWEAE9phX.jpg,1.0,golden_retriever,0.980071,True,Labrador_retriever,0.00875751,True,Saluki,0.00180595,True,1899.0,9317.0
821407182352777218,2017-01-17 17:21:47+00:00,"<a href=""http://twitter.com/download/iphone"" rel=""nofollow"">Twitter for iPhone</a>",This is Sundance. He's a doggo drummer. Even sings a bit on the side. 14/10 entertained af (vid by @sweetsundance) https://t.co/Xn5AQtiqzG,https://twitter.com/dog_rates/status/821407182352777218/video/1,14,Sundance,doggo,https://pbs.twimg.com/ext_tw_video_thumb/821407155391725568/pu/img/AJC07gFJDDBuwNTD.jpg,1.0,Irish_setter,0.5054960000000001,True,vizsla,0.168747,True,Chesapeake_Bay_retriever,0.111311,True,5053.0,13075.0
819015337530290176,2017-01-11 02:57:27+00:00,"<a href=""http://twitter.com/download/iphone"" rel=""nofollow"">Twitter for iPhone</a>",RT @dog_rates: This is Bo. He was a very good First Doggo. 14/10 would be an absolute honor to pet https://t.co/AdPKrI8BZ1,"https://twitter.com/dog_rates/status/819004803107983360/photo/1,https://twitter.com/dog_rates/status/819004803107983360/photo/1,https://twitter.com/dog_rates/status/819004803107983360/photo/1,https://twitter.com/dog_rates/status/819004803107983360/photo/1,https://twitter.com/dog_rates/status/819004803107983360/photo/1,https://twitter.com/dog_rates/status/819004803107983360/photo/1,https://twitter.com/dog_rates/status/819004803107983360/photo/1,https://twitter.com/dog_rates/status/819004803107983360/photo/1",14,Bo,doggo,https://pbs.twimg.com/media/C12whDoVEAALRxa.jpg,1.0,standard_poodle,0.351308,True,toy_poodle,0.271929,True,Tibetan_terrier,0.0947592,True,42228.0,0.0
819004803107983360,2017-01-11 02:15:36+00:00,"<a href=""http://twitter.com/download/iphone"" rel=""nofollow"">Twitter for iPhone</a>",This is Bo. He was a very good First Doggo. 14/10 would be an absolute honor to pet https://t.co/AdPKrI8BZ1,"https://twitter.com/dog_rates/status/819004803107983360/photo/1,https://twitter.com/dog_rates/status/819004803107983360/photo/1,https://twitter.com/dog_rates/status/819004803107983360/photo/1,https://twitter.com/dog_rates/status/819004803107983360/photo/1",14,Bo,doggo,https://pbs.twimg.com/media/C12whDoVEAALRxa.jpg,1.0,standard_poodle,0.351308,True,toy_poodle,0.271929,True,Tibetan_terrier,0.0947592,True,42228.0,95450.0
817777686764523521,2017-01-07 16:59:28+00:00,"<a href=""http://twitter.com/download/iphone"" rel=""nofollow"">Twitter for iPhone</a>","This is Dido. She's playing the lead role in ""Pupper Stops to Catch Snow Before Resuming Shadow Box with Dried Apple."" 13/10 (IG: didodoggo) https://t.co/m7isZrOBX7",https://twitter.com/dog_rates/status/817777686764523521/video/1,13,Dido,doggo,https://pbs.twimg.com/ext_tw_video_thumb/817777588030476288/pu/img/KbuLpE4krHF4VdPf.jpg,1.0,curly-coated_retriever,0.733256,True,flat-coated_retriever,0.214145,True,Irish_water_spaniel,0.029769,True,3084.0,11901.0
813910438903693312,2016-12-28 00:52:25+00:00,"<a href=""http://twitter.com/download/iphone"" rel=""nofollow"">Twitter for iPhone</a>",This is Chubbs. He dug a hole and now he's stuck in it. Dang h*ckin doggo. 11/10 would assist https://t.co/z1VRj1cYZf,https://twitter.com/dog_rates/status/813910438903693312/photo/1,11,Chubbs,doggo,https://pbs.twimg.com/media/C0uXObSXUAAIzmV.jpg,1.0,Siberian_husky,0.6993550000000001,True,Eskimo_dog,0.256433,True,Norwegian_elkhound,0.0131888,True,2194.0,10342.0
813096984823349248,2016-12-25 19:00:02+00:00,"<a href=""http://twitter.com/download/iphone"" rel=""nofollow"">Twitter for iPhone</a>",This is Rocky. He got triple-doggo-dared. Stuck af. 11/10 someone help him https://t.co/soNL00XWVu,https://twitter.com/dog_rates/status/813096984823349248/photo/1,11,Rocky,doggo,https://pbs.twimg.com/media/C0izZULWgAAKD-F.jpg,1.0,Great_Dane,0.128056,True,Boston_bull,0.117003,True,kelpie,0.08696430000000001,True,4207.0,11694.0
801115127852503040,2016-11-22 17:28:25+00:00,"<a href=""http://twitter.com/download/iphone"" rel=""nofollow"">Twitter for iPhone</a>",This is Bones. He's being haunted by another doggo of roughly the same size. 12/10 deep breaths pupper everything's fine https://t.co/55Dqe0SJNj,"https://twitter.com/dog_rates/status/801115127852503040/photo/1,https://twitter.com/dog_rates/status/801115127852503040/photo/1",12,Bones,doggo,https://pbs.twimg.com/media/Cx4h7zHUsAAqaJd.jpg,1.0,dalmatian,0.823356,True,English_setter,0.0946019,True,bluetick,0.0219534,True,2429.0,8992.0
799757965289017345,2016-11-18 23:35:32+00:00,"<a href=""http://twitter.com/download/iphone"" rel=""nofollow"">Twitter for iPhone</a>",This is Sobe. She's a h*ckin happy doggo. Only one leg tho. Must have good balance. 13/10 would smile back https://t.co/OiH8PaOxB1,"https://twitter.com/dog_rates/status/799757965289017345/photo/1,https://twitter.com/dog_rates/status/799757965289017345/photo/1,https://twitter.com/dog_rates/status/799757965289017345/photo/1,https://twitter.com/dog_rates/status/799757965289017345/photo/1",13,Sobe,doggo,https://pbs.twimg.com/media/CxlPnoSUcAEXf1i.jpg,1.0,Border_collie,0.442534,True,collie,0.288684,True,Shetland_sheepdog,0.196399,True,2506.0,9390.0
786363235746385920,2016-10-13 00:29:39+00:00,"<a href=""http://twitter.com/download/iphone"" rel=""nofollow"">Twitter for iPhone</a>",This is Rizzo. He has many talents. A true renaissance doggo. 13/10 entertaining af https://t.co/TVXpEJB7Wn,"https://twitter.com/dog_rates/status/786363235746385920/photo/1,https://twitter.com/dog_rates/status/786363235746385920/photo/1,https://twitter.com/dog_rates/status/786363235746385920/photo/1,https://twitter.com/dog_rates/status/786363235746385920/photo/1",13,Rizzo,doggo,https://pbs.twimg.com/media/Cum5LlfWAAAyPcS.jpg,1.0,golden_retriever,0.929266,True,Labrador_retriever,0.0628667,True,Saluki,0.00215669,True,4072.0,12189.0
782747134529531904,2016-10-03 01:00:34+00:00,"<a href=""http://twitter.com/download/iphone"" rel=""nofollow"">Twitter for iPhone</a>",This is Deacon. He's the happiest almost dry doggo I've ever seen. 11/10 would smile back https://t.co/C6fUMnHt1H,https://twitter.com/dog_rates/status/782747134529531904/photo/1,11,Deacon,doggo,https://pbs.twimg.com/media/CtzgXgeXYAA1Gxw.jpg,1.0,golden_retriever,0.560699,True,otterhound,0.199482,True,clumber,0.0406818,True,1604.0,8310.0
782305867769217024,2016-10-01 19:47:08+00:00,"<a href=""http://twitter.com/download/iphone"" rel=""nofollow"">Twitter for iPhone</a>",This is Sampson. He just graduated. Ready to be a doggo now. Time for the real world. 12/10 have fun with taxes https://t.co/pgVKxRw0s1,"https://twitter.com/dog_rates/status/782305867769217024/photo/1,https://twitter.com/dog_rates/status/782305867769217024/photo/1,https://twitter.com/dog_rates/status/782305867769217024/photo/1",12,Sampson,doggo,https://pbs.twimg.com/media/CttPBt0WIAAcsDE.jpg,1.0,briard,0.5044270000000001,True,soft-coated_wheaten_terrier,0.390678,True,Lhasa,0.0345955,True,6470.0,18630.0
775364825476165632,2016-09-12 16:05:54+00:00,"<a href=""http://twitter.com/download/iphone"" rel=""nofollow"">Twitter for iPhone</a>",This is Finley. He's an independent doggo still adjusting to life on his own. 11/10 https://t.co/7FNcBaKbci,"https://twitter.com/dog_rates/status/775364825476165632/photo/1,https://twitter.com/dog_rates/status/775364825476165632/photo/1,https://twitter.com/dog_rates/status/775364825476165632/photo/1,https://twitter.com/dog_rates/status/775364825476165632/photo/1",11,Finley,doggo,https://pbs.twimg.com/media/CsKmMB2WAAAXcAy.jpg,3.0,beagle,0.571229,True,Chihuahua,0.175257,True,Pembroke,0.034306300000000005,True,3472.0,8295.0
770093767776997377,2016-08-29 03:00:36+00:00,"<a href=""http://twitter.com/download/iphone"" rel=""nofollow"">Twitter for iPhone</a>",RT @dog_rates: This is just downright precious af. 12/10 for both pupper and doggo https://t.co/o5J479bZUC,"https://twitter.com/dog_rates/status/741067306818797568/photo/1,https://twitter.com/dog_rates/status/741067306818797568/photo/1",12,just,doggo,https://pbs.twimg.com/media/CkjMx99UoAM2B1a.jpg,1.0,golden_retriever,0.843799,True,Labrador_retriever,0.0529559,True,kelpie,0.0357111,True,3520.0,0.0
760893934457552897,2016-08-03 17:43:45+00:00,"<a href=""http://twitter.com/download/iphone"" rel=""nofollow"">Twitter for iPhone</a>",This is Wishes. He has the day off. Daily struggles of being a doggo have finally caught up with him. 11/10 https://t.co/H9YgrUkYwa,https://twitter.com/dog_rates/status/760893934457552897/photo/1,11,Wishes,doggo,https://pbs.twimg.com/media/Co88_ujWEAErCg7.jpg,1.0,Blenheim_spaniel,0.113992,True,cocker_spaniel,0.10578,True,borzoi,0.0739345,True,1104.0,4228.0
759793422261743616,2016-07-31 16:50:42+00:00,"<a href=""http://twitter.com/download/iphone"" rel=""nofollow"">Twitter for iPhone</a>","Meet Maggie &amp; Lila. Maggie is the doggo, Lila is the pupper. They are sisters. Both 12/10 would pet at the same time https://t.co/MYwR4DQKll","https://twitter.com/dog_rates/status/759793422261743616/photo/1,https://twitter.com/dog_rates/status/759793422261743616/photo/1",12,Maggie,doggo,https://pbs.twimg.com/media/CotUFZEWcAA2Pku.jpg,2.0,golden_retriever,0.985876,True,Labrador_retriever,0.00194777,True,kuvasz,0.00175174,True,2173.0,6620.0
750011400160841729,2016-07-04 17:00:26+00:00,"<a href=""https://about.twitter.com/products/tweetdeck"" rel=""nofollow"">TweetDeck</a>",Meet Piper. She's an airport doggo. Please return your tray table to its full pupright and locked position. 11/10 https://t.co/D17IAcetmM,https://twitter.com/dog_rates/status/750011400160841729/photo/1,11,Piper,doggo,https://pbs.twimg.com/media/CmfmvGUWgAAuVKD.jpg,1.0,muzzle,0.23762,False,Boston_bull,0.0871498,True,sombrero,0.0685099,False,1035.0,3568.0
748932637671223296,2016-07-01 17:33:49+00:00,"<a href=""http://twitter.com/download/iphone"" rel=""nofollow"">Twitter for iPhone</a>",Say hello to Divine Doggo. Must be magical af. 13/10 would be an honor to pet https://t.co/BbcABzohKb,https://twitter.com/dog_rates/status/748932637671223296/photo/1,13,Divine,doggo,https://pbs.twimg.com/media/CmS-QkQWAAAkUa-.jpg,1.0,borzoi,0.742912,True,wire-haired_fox_terrier,0.204082,True,English_setter,0.0210323,True,2564.0,6461.0
745433870967832576,2016-06-22 01:50:58+00:00,"<a href=""http://twitter.com/download/iphone"" rel=""nofollow"">Twitter for iPhone</a>",This is Lenox. She's in a wheelbarrow. Silly doggo. You don't belong there. 10/10 would push around https://t.co/oYbVR4nBsR,"https://twitter.com/dog_rates/status/745433870967832576/photo/1,https://twitter.com/dog_rates/status/745433870967832576/photo/1,https://twitter.com/dog_rates/status/745433870967832576/photo/1",10,Lenox,doggo,https://pbs.twimg.com/media/ClhQJUUWAAEVpBX.jpg,1.0,barrow,0.999962,False,basset,1.44895e-05,True,wok,6.060880000000002e-06,False,2894.0,7824.0
741067306818797568,2016-06-10 00:39:48+00:00,"<a href=""http://twitter.com/download/iphone"" rel=""nofollow"">Twitter for iPhone</a>",This is just downright precious af. 12/10 for both pupper and doggo https://t.co/o5J479bZUC,https://twitter.com/dog_rates/status/741067306818797568/photo/1,12,just,doggo,https://pbs.twimg.com/media/CkjMx99UoAM2B1a.jpg,1.0,golden_retriever,0.843799,True,Labrador_retriever,0.0529559,True,kelpie,0.0357111,True,3520.0,10342.0
735256018284875776,2016-05-24 23:47:49+00:00,"<a href=""http://twitter.com/download/iphone"" rel=""nofollow"">Twitter for iPhone</a>",This is Kellogg. He accidentally opened the front facing camera. 8/10 get it together doggo https://t.co/MRYv7nDPyS,https://twitter.com/dog_rates/status/735256018284875776/photo/1,8,Kellogg,doggo,https://pbs.twimg.com/media/CjQnclkVEAA4pnK.jpg,1.0,Staffordshire_bullterrier,0.523191,True,French_bulldog,0.351104,True,doormat,0.0280753,False,993.0,3675.0
732375214819057664,2016-05-17 01:00:32+00:00,"<a href=""http://twitter.com/download/iphone"" rel=""nofollow"">Twitter for iPhone</a>",This is Kyle (pronounced 'Mitch'). He strives to be the best doggo he can be. 11/10 would pat on head approvingly https://t.co/aA2GiTGvlE,https://twitter.com/dog_rates/status/732375214819057664/photo/1,11,Kyle,doggo,https://pbs.twimg.com/media/CinrX2EWkAABDYt.jpg,1.0,tennis_ball,0.998673,False,basset,0.000547053,True,golden_retriever,0.00035998,True,2838.0,8832.0
883360690899218434,2017-07-07 16:22:55+00:00,"<a href=""http://twitter.com/download/iphone"" rel=""nofollow"">Twitter for iPhone</a>",Meet Grizzwald. He may be the floofiest floofer I ever did see. Lost eyes saving a schoolbus from a volcano erpuption. 13/10 heroic as h*ck https://t.co/rf661IFEYP,https://twitter.com/dog_rates/status/883360690899218434/photo/1,13,Grizzwald,floofer,https://pbs.twimg.com/media/DEJT3FeXoAAtwUy.jpg,1.0,chow,0.987997,True,Tibetan_mastiff,0.00709872,True,Newfoundland,0.00214033,True,3825.0,22986.0
800388270626521089,2016-11-20 17:20:08+00:00,"<a href=""http://twitter.com/download/iphone"" rel=""nofollow"">Twitter for iPhone</a>",This is Doc. He takes time out of every day to worship our plant overlords. 12/10 quite the floofer https://t.co/azMneS6Ly5,"https://twitter.com/dog_rates/status/800388270626521089/photo/1,https://twitter.com/dog_rates/status/800388270626521089/photo/1,https://twitter.com/dog_rates/status/800388270626521089/photo/1",12,Doc,floofer,https://pbs.twimg.com/media/CxuM3oZW8AEhO5z.jpg,2.0,golden_retriever,0.35986,True,Pembroke,0.194207,True,collie,0.154603,True,3265.0,12456.0
749317047558017024,2016-07-02 19:01:20+00:00,"<a href=""http://twitter.com/download/iphone"" rel=""nofollow"">Twitter for iPhone</a>",This is Blu. He's a wild bush Floofer. I wish anything made me as happy as bushes make Blu. 12/10 would frolic with https://t.co/HHUAnBb6QB,https://twitter.com/dog_rates/status/749317047558017024/video/1,12,Blu,floofer,https://pbs.twimg.com/ext_tw_video_thumb/749316899712950272/pu/img/nvZI9mkoAxt89sul.jpg,1.0,wire-haired_fox_terrier,0.155144,True,Lakeland_terrier,0.108382,True,buckeye,0.0746167,False,2509.0,6076.0
733822306246479872,2016-05-21 00:50:46+00:00,"<a href=""http://twitter.com/download/iphone"" rel=""nofollow"">Twitter for iPhone</a>",This is Moose. He's a Polynesian Floofer. Dapper af. 10/10 would pet diligently https://t.co/mVfqRdppTL,https://twitter.com/dog_rates/status/733822306246479872/photo/1,10,Moose,floofer,https://pbs.twimg.com/media/Ci8Pfg_UUAA2m9i.jpg,1.0,Lhasa,0.457356,True,Shih-Tzu,0.371282,True,Tibetan_terrier,0.048359,True,1141.0,4015.0
685307451701334016,2016-01-08 03:50:03+00:00,"<a href=""http://twitter.com/download/iphone"" rel=""nofollow"">Twitter for iPhone</a>",Say hello to Petrick. He's an Altostratus Floofer. Just had a run in with a trash bag. Groovy checkered floor. 11/10 https://t.co/rwW7z1JAOF,https://twitter.com/dog_rates/status/685307451701334016/photo/1,11,Petrick,floofer,https://pbs.twimg.com/media/CYKzfTTWMAEeTN7.jpg,1.0,Pomeranian,0.963176,True,Shetland_sheepdog,0.0194683,True,keeshond,0.00860493,True,496.0,2262.0
886366144734445568,2017-07-15 23:25:31+00:00,"<a href=""http://twitter.com/download/iphone"" rel=""nofollow"">Twitter for iPhone</a>",This is Roscoe. Another pupper fallen victim to spontaneous tongue ejections. Get the BlepiPen immediate. 12/10 deep breaths Roscoe https://t.co/RGE08MIJox,"https://twitter.com/dog_rates/status/886366144734445568/photo/1,https://twitter.com/dog_rates/status/886366144734445568/photo/1",12,Roscoe,pupper,https://pbs.twimg.com/media/DE0BTnQUwAApKEH.jpg,1.0,French_bulldog,0.999201,True,Chihuahua,0.000361178,True,Boston_bull,7.55616e-05,True,3316.0,21524.0
882762694511734784,2017-07-06 00:46:41+00:00,"<a href=""http://twitter.com/download/iphone"" rel=""nofollow"">Twitter for iPhone</a>",This is Gus. He's quite the cheeky pupper. Already perfected the disinterested wink. 12/10 would let steal my girl https://t.co/D43I96SlVu,https://twitter.com/dog_rates/status/882762694511734784/photo/1,12,Gus,pupper,https://pbs.twimg.com/media/DEAz_HHXsAA-p_z.jpg,1.0,Labrador_retriever,0.85005,True,Chesapeake_Bay_retriever,0.074257,True,flat-coated_retriever,0.015579399999999997,True,5134.0,28903.0
881536004380872706,2017-07-02 15:32:16+00:00,"<a href=""http://twitter.com/download/iphone"" rel=""nofollow"">Twitter for iPhone</a>","Here is a pupper approaching maximum borkdrive. Zooming at never before seen speeds. 14/10 paw-inspiring af 
(IG: puffie_the_chow) https://t.co/ghXBIIeQZF",https://twitter.com/dog_rates/status/881536004380872706/video/1,14,a,pupper,https://pbs.twimg.com/ext_tw_video_thumb/881535971568889856/pu/img/9bawiZ--8FKywTkz.jpg,1.0,Samoyed,0.281463,True,Angora,0.272066,False,Persian_cat,0.114854,False,16570.0,50199.0
876838120628539392,2017-06-19 16:24:33+00:00,"<a href=""http://twitter.com/download/iphone"" rel=""nofollow"">Twitter for iPhone</a>",This is Ginger. She's having a ruff Monday. Too many pupper things going on. H*ckin exhausting. 12/10 would snug passionately https://t.co/j211oCDRs6,"https://twitter.com/dog_rates/status/876838120628539392/photo/1,https://twitter.com/dog_rates/status/876838120628539392/photo/1",12,Ginger,pupper,https://pbs.twimg.com/media/DCsnnZsVwAEfkyi.jpg,1.0,bloodhound,0.575751,True,redbone,0.24097,True,Tibetan_mastiff,0.08893480000000001,True,3506.0,21125.0
874296783580663808,2017-06-12 16:06:11+00:00,"<a href=""http://twitter.com/download/iphone"" rel=""nofollow"">Twitter for iPhone</a>",This is Jed. He may be the fanciest pupper in the game right now. Knows it too. 13/10 would sign modeling contract https://t.co/0YplNnSMEm,https://twitter.com/dog_rates/status/874296783580663808/photo/1,13,Jed,pupper,https://pbs.twimg.com/media/DCIgSR0XgAANEOY.jpg,1.0,cocker_spaniel,0.437216,True,miniature_poodle,0.277191,True,toy_poodle,0.157402,True,4308.0,26651.0
873213775632977920,2017-06-09 16:22:42+00:00,"<a href=""http://twitter.com/download/iphone"" rel=""nofollow"">Twitter for iPhone</a>","This is Sierra. She's one precious pupper. Absolute 12/10. Been in and out of ICU her whole life. Help Sierra below

https://t.co/Xp01EU3qyD https://t.co/V5lkvrGLdQ","https://www.gofundme.com/help-my-baby-sierra-get-better,https://twitter.com/dog_rates/status/873213775632977920/photo/1,https://twitter.com/dog_rates/status/873213775632977920/photo/1",12,Sierra,pupper,https://pbs.twimg.com/media/DB5HTBGXUAE0TiK.jpg,1.0,vizsla,0.6197819999999999,True,bloodhound,0.338069,True,Chesapeake_Bay_retriever,0.0126763,True,1667.0,7467.0
871762521631449091,2017-06-05 16:15:56+00:00,"<a href=""http://twitter.com/download/iphone"" rel=""nofollow"">Twitter for iPhone</a>",This is Rover. As part of pupper protocol he had to at least attempt to eat the plant. Confirmed not tasty. Needs peanut butter. 12/10 https://t.co/AiVljI6QCg,"https://twitter.com/dog_rates/status/871762521631449091/photo/1,https://twitter.com/dog_rates/status/871762521631449091/photo/1,https://twitter.com/dog_rates/status/871762521631449091/photo/1",12,Rover,pupper,https://pbs.twimg.com/media/DBkfY58XcAEdzZy.jpg,2.0,Labrador_retriever,0.921393,True,golden_retriever,0.064608,True,bloodhound,0.00338337,True,3678.0,20787.0
866450705531457537,2017-05-22 00:28:40+00:00,"<a href=""http://twitter.com/download/iphone"" rel=""nofollow"">Twitter for iPhone</a>","This is Jamesy. He gives a kiss to every other pupper he sees on his walk. 13/10 such passion, much tender https://t.co/wk7TfysWHr","https://twitter.com/dog_rates/status/866450705531457537/photo/1,https://twitter.com/dog_rates/status/866450705531457537/photo/1",13,Jamesy,pupper,https://pbs.twimg.com/media/DAZAUfBXcAAG_Nn.jpg,2.0,French_bulldog,0.905334,True,Boston_bull,0.0780597,True,pug,0.00177092,True,32883.0,106827.0
850019790995546112,2017-04-06 16:18:05+00:00,"<a href=""http://twitter.com/download/iphone"" rel=""nofollow"">Twitter for iPhone</a>",Say hello to Boomer. He's a sandy pupper. Having a h*ckin blast. 12/10 would pet passionately https://t.co/ecb3LvExde,"https://twitter.com/dog_rates/status/850019790995546112/photo/1,https://twitter.com/dog_rates/status/850019790995546112/photo/1,https://twitter.com/dog_rates/status/850019790995546112/photo/1",12,Boomer,pupper,https://pbs.twimg.com/media/C8vgfTsXgAA561h.jpg,3.0,Shetland_sheepdog,0.759907,True,collie,0.107405,True,Pembroke,0.052335300000000015,True,5459.0,21944.0
845306882940190720,2017-03-24 16:10:40+00:00,"<a href=""http://twitter.com/download/iphone"" rel=""nofollow"">Twitter for iPhone</a>",This is Pickles. She's a silly pupper. Thinks she's a dish. 12/10 would dry https://t.co/7mPCF4ZwEk,https://twitter.com/dog_rates/status/845306882940190720/photo/1,12,Pickles,pupper,https://pbs.twimg.com/media/C7siH5DXkAACnDT.jpg,1.0,Irish_water_spaniel,0.567475,True,Labrador_retriever,0.169496,True,curly-coated_retriever,0.101518,True,6039.0,25225.0
837110210464448512,2017-03-02 01:20:01+00:00,"<a href=""http://twitter.com/download/iphone"" rel=""nofollow"">Twitter for iPhone</a>",This is Clark. He passed pupper training today. Round of appaws for Clark. 13/10 https://t.co/7pUjwe8X6B,https://twitter.com/dog_rates/status/837110210464448512/photo/1,13,Clark,pupper,https://pbs.twimg.com/media/C54DS1kXQAEU5pS.jpg,1.0,Siberian_husky,0.767696,True,Eskimo_dog,0.217079,True,malamute,0.0116568,True,2731.0,17480.0
833124694597443584,2017-02-19 01:23:00+00:00,"<a href=""http://twitter.com/download/iphone"" rel=""nofollow"">Twitter for iPhone</a>",This is Gidget. She's a spy pupper. Stealthy as h*ck. Must've slipped pup and got caught. 12/10 would forgive then pet https://t.co/zD97KYFaFa,"https://twitter.com/dog_rates/status/833124694597443584/photo/1,https://twitter.com/dog_rates/status/833124694597443584/photo/1,https://twitter.com/dog_rates/status/833124694597443584/photo/1",12,Gidget,pupper,https://pbs.twimg.com/media/C4_ad1IUoAEspsk.jpg,3.0,Cardigan,0.7105229999999999,True,kelpie,0.106102,True,shopping_cart,0.0554755,False,5513.0,22133.0
827933404142436356,2017-02-04 17:34:40+00:00,"<a href=""http://twitter.com/download/iphone"" rel=""nofollow"">Twitter for iPhone</a>",This is Kona. Yesterday she stopped by the department to see what it takes to be a police pupper. 12/10 vest was only a smidge too big https://t.co/j8D3PQJvpJ,"https://twitter.com/dog_rates/status/827933404142436356/photo/1,https://twitter.com/dog_rates/status/827933404142436356/photo/1,https://twitter.com/dog_rates/status/827933404142436356/photo/1",12,Kona,pupper,https://pbs.twimg.com/media/C31pCN4UcAAOLNH.jpg,2.0,German_shepherd,0.8061149999999999,True,Tibetan_mastiff,0.104831,True,kelpie,0.0381482,True,5987.0,22180.0
822462944365645825,2017-01-20 15:17:01+00:00,"<a href=""http://twitter.com/download/iphone"" rel=""nofollow"">Twitter for iPhone</a>","This is Gabe. He was the unequivocal embodiment of a dream meme, but also one h*ck of a pupper. You will be missed by so many. 14/10 RIP https://t.co/M3hZGadUuO","https://twitter.com/dog_rates/status/822462944365645825/photo/1,https://twitter.com/dog_rates/status/822462944365645825/photo/1,https://twitter.com/dog_rates/status/822462944365645825/photo/1,https://twitter.com/dog_rates/status/822462944365645825/photo/1",14,Gabe,pupper,https://pbs.twimg.com/media/C2n5rUUXEAIXAtv.jpg,3.0,Pomeranian,0.960199,True,Samoyed,0.0230563,True,Maltese_dog,0.00894488,True,17209.0,31800.0
818588835076603904,2017-01-09 22:42:41+00:00,"<a href=""http://twitter.com/download/iphone"" rel=""nofollow"">Twitter for iPhone</a>",RT @dog_rates: This is Chelsea. She forgot how to dog. 11/10 get it together pupper https://t.co/nBJ5RE4yHb,"https://twitter.com/dog_rates/status/773547596996571136/photo/1,https://twitter.com/dog_rates/status/773547596996571136/photo/1",11,Chelsea,pupper,https://pbs.twimg.com/media/Crwxb5yWgAAX5P_.jpg,1.0,Norwegian_elkhound,0.372202,True,Chesapeake_Bay_retriever,0.13718699999999998,True,malamute,0.07143619999999999,True,7126.0,0.0
817777686764523521,2017-01-07 16:59:28+00:00,"<a href=""http://twitter.com/download/iphone"" rel=""nofollow"">Twitter for iPhone</a>","This is Dido. She's playing the lead role in ""Pupper Stops to Catch Snow Before Resuming Shadow Box with Dried Apple."" 13/10 (IG: didodoggo) https://t.co/m7isZrOBX7",https://twitter.com/dog_rates/status/817777686764523521/video/1,13,Dido,pupper,https://pbs.twimg.com/ext_tw_video_thumb/817777588030476288/pu/img/KbuLpE4krHF4VdPf.jpg,1.0,curly-coated_retriever,0.733256,True,flat-coated_retriever,0.214145,True,Irish_water_spaniel,0.029769,True,3084.0,11901.0
814986499976527872,2016-12-31 00:08:17+00:00,"<a href=""http://twitter.com/download/iphone"" rel=""nofollow"">Twitter for iPhone</a>",This is Cooper. Someone attacked him with a sharpie. Poor pupper. 11/10 nifty tongue slip tho https://t.co/01vpuRDXQ8,https://twitter.com/dog_rates/status/814986499976527872/photo/1,11,Cooper,pupper,https://pbs.twimg.com/media/C09p5dJWIAE5qKL.jpg,1.0,dalmatian,0.999828,True,boxer,6.78061e-05,True,American_Staffordshire_terrier,3.42436e-05,True,1505.0,8485.0
811386762094317568,2016-12-21 01:44:13+00:00,"<a href=""http://twitter.com/download/iphone"" rel=""nofollow"">Twitter for iPhone</a>",This is Craig. That's actually a normal sized fence he's stuck on. H*ckin massive pupper. 11/10 someone help him https://t.co/aAUXzoxaBy,https://twitter.com/dog_rates/status/811386762094317568/photo/1,11,Craig,pupper,https://pbs.twimg.com/media/C0Kf9PtWQAEW4sE.jpg,1.0,Pembroke,0.804177,True,Cardigan,0.18989,True,beagle,0.00196475,True,7444.0,23302.0
807621403335917568,2016-12-10 16:22:02+00:00,"<a href=""http://twitter.com/download/iphone"" rel=""nofollow"">Twitter for iPhone</a>",This is Ollie Vue. He was a 3 legged pupper on a mission to overcome everything. This is very hard to write. 14/10 we will miss you Ollie https://t.co/qTRY2qX9y4,"https://twitter.com/dog_rates/status/807621403335917568/photo/1,https://twitter.com/dog_rates/status/807621403335917568/photo/1,https://twitter.com/dog_rates/status/807621403335917568/photo/1,https://twitter.com/dog_rates/status/807621403335917568/photo/1",14,Ollie,pupper,https://pbs.twimg.com/media/CzU_YVGUUAA3Xsd.jpg,3.0,golden_retriever,0.873233,True,cocker_spaniel,0.0336933,True,chow,0.0204084,True,4288.0,16236.0
801115127852503040,2016-11-22 17:28:25+00:00,"<a href=""http://twitter.com/download/iphone"" rel=""nofollow"">Twitter for iPhone</a>",This is Bones. He's being haunted by another doggo of roughly the same size. 12/10 deep breaths pupper everything's fine https://t.co/55Dqe0SJNj,"https://twitter.com/dog_rates/status/801115127852503040/photo/1,https://twitter.com/dog_rates/status/801115127852503040/photo/1",12,Bones,pupper,https://pbs.twimg.com/media/Cx4h7zHUsAAqaJd.jpg,1.0,dalmatian,0.823356,True,English_setter,0.0946019,True,bluetick,0.0219534,True,2429.0,8992.0
778027034220126208,2016-09-20 00:24:34+00:00,"<a href=""http://twitter.com/download/iphone"" rel=""nofollow"">Twitter for iPhone</a>",This is Sophie. She's a Jubilant Bush Pupper. Super h*ckin rare. Appears at random just to smile at the locals. 11.27/10 would smile back https://t.co/QFaUiIHxHq,https://twitter.com/dog_rates/status/778027034220126208/photo/1,27,Sophie,pupper,https://pbs.twimg.com/media/Cswbc2yWcAAVsCJ.jpg,1.0,clumber,0.946718,True,cocker_spaniel,0.0159499,True,Lhasa,0.00651911,True,1885.0,7320.0
776477788987613185,2016-09-15 17:48:25+00:00,"<a href=""http://twitter.com/download/iphone"" rel=""nofollow"">Twitter for iPhone</a>",This is Huck. He's addicted to caffeine. Hope it's not too latte to seek help. 11/10 stay strong pupper https://t.co/iJE3F0VozW,"https://twitter.com/dog_rates/status/776477788987613185/photo/1,https://twitter.com/dog_rates/status/776477788987613185/photo/1",11,Huck,pupper,https://pbs.twimg.com/media/CsaaaaxWgAEfzM7.jpg,1.0,Labrador_retriever,0.8848389999999999,True,Chesapeake_Bay_retriever,0.0575651,True,paintbrush,0.00576608,False,3249.0,9858.0
773985732834758656,2016-09-08 20:45:53+00:00,"<a href=""http://twitter.com/download/iphone"" rel=""nofollow"">Twitter for iPhone</a>",Meet Winnie. She just made awkward eye contact with the driver beside her. Poor pupper panicked. 11/10 would comfort https://t.co/RFWtDqTnAz,"https://twitter.com/dog_rates/status/773985732834758656/photo/1,https://twitter.com/dog_rates/status/773985732834758656/photo/1,https://twitter.com/dog_rates/status/773985732834758656/photo/1,https://twitter.com/dog_rates/status/773985732834758656/photo/1",11,Winnie,pupper,https://pbs.twimg.com/media/Cr2_6R8WAAAUMtc.jpg,4.0,giant_panda,0.451149,False,fur_coat,0.148001,False,pug,0.10957,True,4492.0,11925.0
773547596996571136,2016-09-07 15:44:53+00:00,"<a href=""http://twitter.com/download/iphone"" rel=""nofollow"">Twitter for iPhone</a>",This is Chelsea. She forgot how to dog. 11/10 get it together pupper https://t.co/nBJ5RE4yHb,https://twitter.com/dog_rates/status/773547596996571136/photo/1,11,Chelsea,pupper,https://pbs.twimg.com/media/Crwxb5yWgAAX5P_.jpg,1.0,Norwegian_elkhound,0.372202,True,Chesapeake_Bay_retriever,0.13718699999999998,True,malamute,0.07143619999999999,True,7126.0,24553.0
772193107915964416,2016-09-03 22:02:38+00:00,"<a href=""http://twitter.com/download/iphone"" rel=""nofollow"">Twitter for iPhone</a>",This is Willem. He's a Penn State pupper. Thinks the hood makes him more intimidating. It doesn't. 12/10 https://t.co/Dp0s7MRIHK,https://twitter.com/dog_rates/status/772193107915964416/photo/1,12,Willem,pupper,https://pbs.twimg.com/media/Crdhh_1XEAAHKHi.jpg,1.0,Pembroke,0.367945,True,Chihuahua,0.223522,True,Pekinese,0.164871,True,1612.0,6665.0
770093767776997377,2016-08-29 03:00:36+00:00,"<a href=""http://twitter.com/download/iphone"" rel=""nofollow"">Twitter for iPhone</a>",RT @dog_rates: This is just downright precious af. 12/10 for both pupper and doggo https://t.co/o5J479bZUC,"https://twitter.com/dog_rates/status/741067306818797568/photo/1,https://twitter.com/dog_rates/status/741067306818797568/photo/1",12,just,pupper,https://pbs.twimg.com/media/CkjMx99UoAM2B1a.jpg,1.0,golden_retriever,0.843799,True,Labrador_retriever,0.0529559,True,kelpie,0.0357111,True,3520.0,0.0
765371061932261376,2016-08-16 02:14:15+00:00,"<a href=""http://twitter.com/download/iphone"" rel=""nofollow"">Twitter for iPhone</a>",This is Louie. He's had a long day. Did a lot of pupper things. Also appears to be rather heckin pettable. 11/10 https://t.co/w2qDmoTIZ5,"https://twitter.com/dog_rates/status/765371061932261376/photo/1,https://twitter.com/dog_rates/status/765371061932261376/photo/1",11,Louie,pupper,https://pbs.twimg.com/media/Cp8k6oRWcAUL78U.jpg,2.0,golden_retriever,0.829456,True,Labrador_retriever,0.08937089999999999,True,kuvasz,0.0170275,True,2475.0,7842.0
759793422261743616,2016-07-31 16:50:42+00:00,"<a href=""http://twitter.com/download/iphone"" rel=""nofollow"">Twitter for iPhone</a>","Meet Maggie &amp; Lila. Maggie is the doggo, Lila is the pupper. They are sisters. Both 12/10 would pet at the same time https://t.co/MYwR4DQKll","https://twitter.com/dog_rates/status/759793422261743616/photo/1,https://twitter.com/dog_rates/status/759793422261743616/photo/1",12,Maggie,pupper,https://pbs.twimg.com/media/CotUFZEWcAA2Pku.jpg,2.0,golden_retriever,0.985876,True,Labrador_retriever,0.00194777,True,kuvasz,0.00175174,True,2173.0,6620.0
756939218950160384,2016-07-23 19:49:07+00:00,"<a href=""http://twitter.com/download/iphone"" rel=""nofollow"">Twitter for iPhone</a>",This is Jax. He is a majestic mountain pupper. Thinks flat ground is for the weak. 12/10 would totally hike with https://t.co/KGdeHuFJnH,https://twitter.com/dog_rates/status/756939218950160384/photo/1,12,Jax,pupper,https://pbs.twimg.com/media/CoEwMXeWEAAaIz5.jpg,1.0,golden_retriever,0.790371,True,cocker_spaniel,0.130268,True,Labrador_retriever,0.0646287,True,2295.0,7342.0
750868782890057730,2016-07-07 01:47:22+00:00,"<a href=""http://twitter.com/download/iphone"" rel=""nofollow"">Twitter for iPhone</a>",Meet Milo. He hauled ass until he ran out of treadmill and then passed out from exhaustion. 11/10 sleep tight pupper https://t.co/xe1aGZNkcC,"https://twitter.com/dog_rates/status/750868782890057730/photo/1,https://twitter.com/dog_rates/status/750868782890057730/photo/1,https://twitter.com/dog_rates/status/750868782890057730/photo/1,https://twitter.com/dog_rates/status/750868782890057730/photo/1",11,Milo,pupper,https://pbs.twimg.com/media/CmufLLsXYAAsU0r.jpg,4.0,toy_poodle,0.912648,True,miniature_poodle,0.0350592,True,seat_belt,0.0263756,False,1595.0,5306.0
750383411068534784,2016-07-05 17:38:41+00:00,"<a href=""http://twitter.com/download/iphone"" rel=""nofollow"">Twitter for iPhone</a>",This is Zoe. She was trying to stealthily take a picture of you but you just noticed. 9/10 not so sneaky pupper https://t.co/FfH3o88Vta,https://twitter.com/dog_rates/status/750383411068534784/photo/1,9,Zoe,pupper,https://pbs.twimg.com/media/CmnluwbXEAAqnkw.jpg,1.0,Border_collie,0.672791,True,collie,0.270188,True,papillon,0.0345039,True,1309.0,5005.0
749417653287129088,2016-07-03 01:41:06+00:00,"<a href=""http://twitter.com/download/iphone"" rel=""nofollow"">Twitter for iPhone</a>",This is Finn. He's the most unphotogenic pupper of all time. 11/10 https://t.co/qvA2rCUl6v,"https://twitter.com/dog_rates/status/749417653287129088/photo/1,https://twitter.com/dog_rates/status/749417653287129088/photo/1,https://twitter.com/dog_rates/status/749417653287129088/photo/1,https://twitter.com/dog_rates/status/749417653287129088/photo/1",11,Finn,pupper,https://pbs.twimg.com/media/CmZ3YH9WEAAowi3.jpg,2.0,papillon,0.772894,True,Shetland_sheepdog,0.0424076,True,collie,0.0423131,True,1904.0,6721.0
743222593470234624,2016-06-15 23:24:09+00:00,"<a href=""http://twitter.com/download/iphone"" rel=""nofollow"">Twitter for iPhone</a>",This is a very rare Great Alaskan Bush Pupper. Hard to stumble upon without spooking. 12/10 would pet passionately https://t.co/xOBKCdpzaa,https://twitter.com/dog_rates/status/743222593470234624/photo/1,12,a,pupper,https://pbs.twimg.com/media/ClB09z0WYAAA1jz.jpg,1.0,kuvasz,0.350629,True,soft-coated_wheaten_terrier,0.182782,True,golden_retriever,0.08766239999999999,True,2164.0,6792.0
742150209887731712,2016-06-13 00:22:53+00:00,"<a href=""http://twitter.com/download/iphone"" rel=""nofollow"">Twitter for iPhone</a>",This is Edmund. He sends stellar selfies. Cute af. 8/10 would totally snapchat with this pupper https://t.co/PprXoqZuKY,https://twitter.com/dog_rates/status/742150209887731712/photo/1,8,Edmund,pupper,https://pbs.twimg.com/media/CkylrVWWsAAiXJE.jpg,1.0,Siamese_cat,0.112413,False,French_bulldog,0.07141439999999999,True,hog,0.0624654,False,1783.0,5661.0
741743634094141440,2016-06-11 21:27:17+00:00,"<a href=""http://twitter.com/download/iphone"" rel=""nofollow"">Twitter for iPhone</a>",Meet Aqua. She's a sandy pupper. Not sure how she feels about being so sandy. Radical tongue slip. 11/10 petable af https://t.co/rYxJ0UQtbE,"https://twitter.com/dog_rates/status/741743634094141440/photo/1,https://twitter.com/dog_rates/status/741743634094141440/photo/1,https://twitter.com/dog_rates/status/741743634094141440/photo/1",11,Aqua,pupper,https://pbs.twimg.com/media/Cksz42EW0AAh2NF.jpg,1.0,Labrador_retriever,0.786089,True,flat-coated_retriever,0.0486524,True,Chesapeake_Bay_retriever,0.0346933,True,3144.0,8945.0
741067306818797568,2016-06-10 00:39:48+00:00,"<a href=""http://twitter.com/download/iphone"" rel=""nofollow"">Twitter for iPhone</a>",This is just downright precious af. 12/10 for both pupper and doggo https://t.co/o5J479bZUC,https://twitter.com/dog_rates/status/741067306818797568/photo/1,12,just,pupper,https://pbs.twimg.com/media/CkjMx99UoAM2B1a.jpg,1.0,golden_retriever,0.843799,True,Labrador_retriever,0.0529559,True,kelpie,0.0357111,True,3520.0,10342.0
740676976021798912,2016-06-08 22:48:46+00:00,"<a href=""http://twitter.com/download/iphone"" rel=""nofollow"">Twitter for iPhone</a>","Meet Baloo. He's expecting a fast ground ball, hence the wide stance. Prepared af. 11/10 nothing runs like a pupper https://t.co/sMbMw5Z2XC",https://twitter.com/dog_rates/status/740676976021798912/photo/1,11,Baloo,pupper,https://pbs.twimg.com/media/Ckdpx5KWsAANF6b.jpg,1.0,wombat,0.462952,False,Norwegian_elkhound,0.275225,True,Siamese_cat,0.0435593,False,7724.0,19881.0
739606147276148736,2016-06-05 23:53:41+00:00,"<a href=""http://twitter.com/download/iphone"" rel=""nofollow"">Twitter for iPhone</a>",Meet Benji. He just turned 1. Has already given up on a traditional pupper physique. Just inhaled that thing. 9/10 https://t.co/sLUC4th3Zj,"https://twitter.com/dog_rates/status/739606147276148736/photo/1,https://twitter.com/dog_rates/status/739606147276148736/photo/1,https://twitter.com/dog_rates/status/739606147276148736/photo/1",9,Benji,pupper,https://pbs.twimg.com/media/CkOb3FXW0AAUL_U.jpg,3.0,Blenheim_spaniel,0.933755,True,cocker_spaniel,0.0417194,True,Brittany_spaniel,0.00671256,True,1876.0,5897.0
736365877722001409,2016-05-28 01:18:00+00:00,"<a href=""http://twitter.com/download/iphone"" rel=""nofollow"">Twitter for iPhone</a>",This is Rory. He's extremely impatient. 11/10 settle down pupper https://t.co/e3tfXJLi40,"https://twitter.com/dog_rates/status/736365877722001409/photo/1,https://twitter.com/dog_rates/status/736365877722001409/photo/1,https://twitter.com/dog_rates/status/736365877722001409/photo/1,https://twitter.com/dog_rates/status/736365877722001409/photo/1",11,Rory,pupper,https://pbs.twimg.com/media/CjgYyuvWkAAHU8g.jpg,3.0,cup,0.473555,False,toy_poodle,0.082606,True,consomme,0.048298,False,1408.0,4367.0
735137028879360001,2016-05-24 15:55:00+00:00,"<a href=""http://twitter.com/download/iphone"" rel=""nofollow"">Twitter for iPhone</a>",Meet Buckley. His family &amp; some neighbors came over to watch him perform but he's nervous af. 9/10 u got this pupper https://t.co/5bdCpPlno9,https://twitter.com/dog_rates/status/735137028879360001/photo/1,9,Buckley,pupper,https://pbs.twimg.com/media/CjO7OfeWgAAUQy-.jpg,1.0,Walker_hound,0.413535,True,beagle,0.233891,True,English_foxhound,0.164943,True,1092.0,3428.0
730573383004487680,2016-05-12 01:40:42+00:00,"<a href=""http://twitter.com/download/iphone"" rel=""nofollow"">Twitter for iPhone</a>",This is Rooney. He can't comprehend glass. 10/10 it'll be ok pupper https://t.co/CnUl2uDBBV,"https://twitter.com/dog_rates/status/730573383004487680/photo/1,https://twitter.com/dog_rates/status/730573383004487680/photo/1,https://twitter.com/dog_rates/status/730573383004487680/photo/1",10,Rooney,pupper,https://pbs.twimg.com/media/CiOEnI6WgAAmq4E.jpg,2.0,American_Staffordshire_terrier,0.810158,True,Labrador_retriever,0.058204999999999986,True,Weimaraner,0.027929500000000003,True,2435.0,5407.0
728035342121635841,2016-05-05 01:35:26+00:00,"<a href=""http://twitter.com/download/iphone"" rel=""nofollow"">Twitter for iPhone</a>",This is all I want in my life. 12/10 for super sleepy pupper https://t.co/4RlLA5ObMh,"https://twitter.com/dog_rates/status/728035342121635841/photo/1,https://twitter.com/dog_rates/status/728035342121635841/photo/1",12,all,pupper,https://pbs.twimg.com/media/ChqARqmWsAEI6fB.jpg,1.0,handkerchief,0.30296100000000004,False,Pomeranian,0.248664,True,Shih-Tzu,0.111015,True,1872.0,4953.0
728015554473250816,2016-05-05 00:16:48+00:00,"<a href=""http://twitter.com/download/iphone"" rel=""nofollow"">Twitter for iPhone</a>",This is Rueben. He has reached ultimate pupper zen state. 11/10 tranquil af https://t.co/Z167HgtnBi,https://twitter.com/dog_rates/status/728015554473250816/photo/1,11,Rueben,pupper,https://pbs.twimg.com/media/ChpuRyvVAAARMoq.jpg,1.0,cocker_spaniel,0.384559,True,golden_retriever,0.091661,True,sandbar,0.0817989,False,1219.0,4479.0
725786712245440512,2016-04-28 20:40:11+00:00,"<a href=""http://twitter.com/download/iphone"" rel=""nofollow"">Twitter for iPhone</a>",Say hello to Lillie. She's a Rutabagan Floofem. Poor pupper ate and then passed out. 11/10 relatable af https://t.co/uIdGqug9rw,https://twitter.com/dog_rates/status/725786712245440512/photo/1,11,Lillie,pupper,https://pbs.twimg.com/media/ChKDKmIWIAIJP_e.jpg,1.0,chow,0.33576100000000003,True,Samoyed,0.167173,True,kuvasz,0.145715,True,1527.0,4537.0
724405726123311104,2016-04-25 01:12:38+00:00,"<a href=""http://twitter.com/download/iphone"" rel=""nofollow"">Twitter for iPhone</a>",This is Ashleigh. She's having Coachella withdrawals. Didn't even go tho. 10/10 stay strong pupper https://t.co/nRUaKWnJfH,https://twitter.com/dog_rates/status/724405726123311104/photo/1,10,Ashleigh,pupper,https://pbs.twimg.com/media/Cg2bKLAWwAA0WEm.jpg,1.0,golden_retriever,0.240695,True,cocker_spaniel,0.202444,True,feather_boa,0.159348,False,1847.0,5800.0
724004602748780546,2016-04-23 22:38:43+00:00,"<a href=""http://twitter.com/download/iphone"" rel=""nofollow"">Twitter for iPhone</a>",This is Luther. He saw a ghost. Spooked af. 11/10 hang in there pupper https://t.co/EdKG43VvEl,"https://twitter.com/dog_rates/status/724004602748780546/photo/1,https://twitter.com/dog_rates/status/724004602748780546/photo/1,https://twitter.com/dog_rates/status/724004602748780546/photo/1",11,Luther,pupper,https://pbs.twimg.com/media/CgwuWCeW4AAsgbD.jpg,3.0,Siamese_cat,0.950526,False,pug,0.0188769,True,quilt,0.007627600000000002,False,1790.0,4561.0
721001180231503872,2016-04-15 15:44:11+00:00,"<a href=""http://twitter.com/download/iphone"" rel=""nofollow"">Twitter for iPhone</a>",This is Oliver. Bath time is upon him. His fear of the wetness postpones his ultimate pupper destiny. 11/10 https://t.co/AFzzKqR4tT,https://twitter.com/dog_rates/status/721001180231503872/photo/1,11,Oliver,pupper,https://pbs.twimg.com/media/CgGCvxAUkAAx55r.jpg,1.0,Samoyed,0.950053,True,washbasin,0.00632139,False,tub,0.00624335,False,686.0,2748.0
717009362452090881,2016-04-04 15:22:08+00:00,"<a href=""http://twitter.com/download/iphone"" rel=""nofollow"">Twitter for iPhone</a>",This is Smokey. He's having some sort of existential crisis. 10/10 hang in there pupper https://t.co/JmgF4dMpw0,https://twitter.com/dog_rates/status/717009362452090881/photo/1,10,Smokey,pupper,https://pbs.twimg.com/media/CfNUNetW8AAekHx.jpg,1.0,Siberian_husky,0.506154,True,Eskimo_dog,0.269656,True,malamute,0.0606585,True,1102.0,3583.0
711008018775851008,2016-03-19 01:54:56+00:00,"<a href=""http://twitter.com/download/iphone"" rel=""nofollow"">Twitter for iPhone</a>",This is Chuckles. He had a balloon but he accidentally let go of it and it floated away. 11/10 hang in there pupper https://t.co/68iNM7B5gW,https://twitter.com/dog_rates/status/711008018775851008/photo/1,11,Chuckles,pupper,https://pbs.twimg.com/media/Cd4CBQFW8AAY3ND.jpg,1.0,French_bulldog,0.731405,True,Boston_bull,0.150672,True,pug,0.0218109,True,710.0,3275.0
707315916783140866,2016-03-08 21:23:50+00:00,"<a href=""http://twitter.com/download/iphone"" rel=""nofollow"">Twitter for iPhone</a>",This is Finnegus. He's trapped in a snow globe. Poor pupper. 10/10 would make sure no one shook it https://t.co/BjpOa52jQ4,"https://twitter.com/dog_rates/status/707315916783140866/photo/1,https://twitter.com/dog_rates/status/707315916783140866/photo/1",10,Finnegus,pupper,https://pbs.twimg.com/media/CdDkEkHWwAAAeUJ.jpg,2.0,Bernese_mountain_dog,0.979235,True,Shetland_sheepdog,0.0110368,True,Appenzeller,0.00397111,True,727.0,2698.0
705975130514706432,2016-03-05 04:36:02+00:00,"<a href=""http://twitter.com/download/iphone"" rel=""nofollow"">Twitter for iPhone</a>",This is Adele. Her tongue flies out of her mouth at random. It's a debilitating illness. 10/10 stay strong pupper https://t.co/cfn81n3FLO,"https://twitter.com/dog_rates/status/705975130514706432/photo/1,https://twitter.com/dog_rates/status/705975130514706432/photo/1",10,Adele,pupper,https://pbs.twimg.com/media/CcwgjmuXIAEQoSd.jpg,1.0,Staffordshire_bullterrier,0.5877640000000001,True,American_Staffordshire_terrier,0.281429,True,bull_mastiff,0.0947981,True,842.0,3397.0
705428427625635840,2016-03-03 16:23:38+00:00,"<a href=""http://twitter.com/download/iphone"" rel=""nofollow"">Twitter for iPhone</a>",This is Ambrose. He's an Alfalfa Ballyhoo. Draws pistol fast af. Pretty much runs the frontier. 11/10 lethal pupper https://t.co/ih6epBOxIA,https://twitter.com/dog_rates/status/705428427625635840/photo/1,11,Ambrose,pupper,https://pbs.twimg.com/media/CcovaMUXIAApFDl.jpg,1.0,Chihuahua,0.774792,True,quilt,0.0730794,False,Pembroke,0.0223651,True,1931.0,4188.0
704859558691414016,2016-03-02 02:43:09+00:00,"<a href=""http://twitter.com/download/iphone"" rel=""nofollow"">Twitter for iPhone</a>",Here is a heartbreaking scene of an incredible pupper being laid to rest. 10/10 RIP pupper https://t.co/81mvJ0rGRu,https://twitter.com/dog_rates/status/704859558691414016/photo/1,10,a,pupper,https://pbs.twimg.com/media/CcgqBNVW8AE76lv.jpg,1.0,pug,0.284428,True,teddy,0.156339,False,mitten,0.138915,False,612.0,2462.0
704347321748819968,2016-02-29 16:47:42+00:00,"<a href=""http://twitter.com/download/iphone"" rel=""nofollow"">Twitter for iPhone</a>",This is Ralphson. He's very confused. Wondering why he's sitting on Santa's lap in February. 10/10 stay woke pupper https://t.co/INphk4ltkZ,https://twitter.com/dog_rates/status/704347321748819968/photo/1,10,Ralphson,pupper,https://pbs.twimg.com/media/CcZYJniXEAAEJRF.jpg,1.0,teddy,0.23337800000000006,False,feather_boa,0.0884744,False,Brittany_spaniel,0.0829173,True,393.0,1729.0
703611486317502464,2016-02-27 16:03:45+00:00,"<a href=""http://twitter.com/download/iphone"" rel=""nofollow"">Twitter for iPhone</a>",Meet Scooter. He's experiencing the pupper equivalent of dropping ur phone in a toilet 10/10 put it in some rice pup https://t.co/JSmX1FIEaW,https://twitter.com/dog_rates/status/703611486317502464/photo/1,10,Scooter,pupper,https://pbs.twimg.com/media/CcO66OjXEAASXmH.jpg,1.0,Pembroke,0.756441,True,basenji,0.126621,True,Cardigan,0.08011669999999999,True,1709.0,4229.0
702598099714314240,2016-02-24 20:56:55+00:00,"<a href=""http://twitter.com/download/iphone"" rel=""nofollow"">Twitter for iPhone</a>","This is Sansa. She's gotten too big for her chair. Not so smol anymore. 11/10 once a pupper, always a pupper https://t.co/IpAoztle2s",https://twitter.com/dog_rates/status/702598099714314240/photo/1,11,Sansa,pupper,https://pbs.twimg.com/media/CcAhPevW8AAoknv.jpg,1.0,kelpie,0.219179,True,badger,0.13358399999999998,False,Siamese_cat,0.07443999999999999,False,3712.0,11332.0
701545186879471618,2016-02-21 23:13:01+00:00,"<a href=""http://twitter.com/download/iphone"" rel=""nofollow"">Twitter for iPhone</a>",Meet Millie. She's practicing her dive form for Rio. It's nearly perfect. Dedicated af. 10/10 go for gold pupper https://t.co/SDVkc4m96M,https://twitter.com/dog_rates/status/701545186879471618/photo/1,10,Millie,pupper,https://pbs.twimg.com/media/CbxjnyOWAAAWLUH.jpg,1.0,Border_collie,0.280893,True,Cardigan,0.11255,True,toy_terrier,0.0533172,True,680.0,2902.0
700864154249383937,2016-02-20 02:06:50+00:00,"<a href=""http://twitter.com/download/iphone"" rel=""nofollow"">Twitter for iPhone</a>","""Pupper is a present to world. Here is a bow for pupper."" 12/10 precious as hell https://t.co/ItSsE92gCW",https://twitter.com/dog_rates/status/700864154249383937/photo/1,12,a,pupper,https://pbs.twimg.com/media/Cbn4OqKWwAADGWt.jpg,1.0,kuvasz,0.8058569999999999,True,Great_Pyrenees,0.187272,True,Samoyed,0.0034909,True,685.0,2828.0
699801817392291840,2016-02-17 03:45:29+00:00,"<a href=""http://twitter.com/download/iphone"" rel=""nofollow"">Twitter for iPhone</a>",This is Cooper. He began to tear up when his bone was taken from him. 11/10 stay strong pupper https://t.co/qI8yvqKG02,"https://twitter.com/dog_rates/status/699801817392291840/photo/1,https://twitter.com/dog_rates/status/699801817392291840/photo/1,https://twitter.com/dog_rates/status/699801817392291840/photo/1,https://twitter.com/dog_rates/status/699801817392291840/photo/1",11,Cooper,pupper,https://pbs.twimg.com/media/CbYyCMcWIAAHHjF.jpg,2.0,golden_retriever,0.808978,True,Irish_setter,0.0424281,True,Labrador_retriever,0.0235364,True,1088.0,3345.0
696713835009417216,2016-02-08 15:14:57+00:00,"<a href=""http://twitter.com/download/iphone"" rel=""nofollow"">Twitter for iPhone</a>",This is Trevith. He's a Swiss Mountain Roadwoof. Breeze too powerful. 9/10 stay strong pupper https://t.co/6J8Ibwy1X6,https://twitter.com/dog_rates/status/696713835009417216/photo/1,9,Trevith,pupper,https://pbs.twimg.com/media/Cas5h-wWcAA3nAc.jpg,1.0,car_mirror,0.379797,False,Chesapeake_Bay_retriever,0.321589,True,vizsla,0.116931,True,757.0,2613.0
695095422348574720,2016-02-04 04:03:57+00:00,"<a href=""http://twitter.com/download/iphone"" rel=""nofollow"">Twitter for iPhone</a>",This is just a beautiful pupper good shit evolution. 12/10 https://t.co/2L8pI0Z2Ib,https://twitter.com/dog_rates/status/695095422348574720/photo/1,12,just,pupper,https://pbs.twimg.com/media/CaV5mRDXEAAR8iG.jpg,1.0,papillon,0.227784,True,Chihuahua,0.218128,True,Border_collie,0.0934574,True,684.0,2888.0
695074328191332352,2016-02-04 02:40:08+00:00,"<a href=""http://twitter.com/download/iphone"" rel=""nofollow"">Twitter for iPhone</a>",This is Lorenzo. He's educated af. Just graduated college. 11/10 poor pupper can't even comprehend his debt https://t.co/dH3GzcjCtQ,https://twitter.com/dog_rates/status/695074328191332352/photo/1,11,Lorenzo,pupper,https://pbs.twimg.com/media/CaVmajOWYAA1uNG.jpg,1.0,Shih-Tzu,0.5101060000000001,True,Tibetan_terrier,0.0719809,True,Lhasa,0.069231,True,1239.0,3116.0
694329668942569472,2016-02-02 01:21:07+00:00,"<a href=""http://twitter.com/download/iphone"" rel=""nofollow"">Twitter for iPhone</a>",Meet Grady. He's very hungry. Too bad no one can find his food bowl. 9/10 poor pupper https://t.co/oToIkYnEGn,https://twitter.com/dog_rates/status/694329668942569472/photo/1,9,Grady,pupper,https://pbs.twimg.com/media/CaLBJmOWYAQt44t.jpg,1.0,boxer,0.99006,True,bull_mastiff,0.00743627,True,Saint_Bernard,0.00161729,True,569.0,2203.0
693095443459342336,2016-01-29 15:36:45+00:00,"<a href=""http://twitter.com/download/iphone"" rel=""nofollow"">Twitter for iPhone</a>",This is Milo. He doesn't understand your fancy human gestures. Will lick instead. 10/10 can't faze this pupper https://t.co/OhodPIDOpW,https://twitter.com/dog_rates/status/693095443459342336/photo/1,10,Milo,pupper,https://pbs.twimg.com/media/CZ5entwWYAAocEg.jpg,1.0,ice_lolly,0.660099,False,neck_brace,0.039562900000000005,False,Yorkshire_terrier,0.033487800000000005,True,523.0,2056.0
692905862751522816,2016-01-29 03:03:25+00:00,"<a href=""http://twitter.com/download/iphone"" rel=""nofollow"">Twitter for iPhone</a>",This is Wally. He's being abducted by aliens. 10/10 poor pupper https://t.co/EiF659Bgjn,https://twitter.com/dog_rates/status/692905862751522816/photo/1,10,Wally,pupper,https://pbs.twimg.com/media/CZ2yNKhWEAA_7cb.jpg,1.0,Mexican_hairless,0.162638,True,Doberman,0.15628699999999998,True,Rhodesian_ridgeback,0.0814778,True,998.0,2683.0
689905486972461056,2016-01-20 20:21:00+00:00,"<a href=""http://twitter.com/download/iphone"" rel=""nofollow"">Twitter for iPhone</a>","Say hello to Gizmo. He's quite the pupper. Confused by bed, but agile af. Can barely catch on camera. 11/10 so quick https://t.co/IE4ZblyZRY","https://twitter.com/dog_rates/status/689905486972461056/photo/1,https://twitter.com/dog_rates/status/689905486972461056/photo/1,https://twitter.com/dog_rates/status/689905486972461056/photo/1,https://twitter.com/dog_rates/status/689905486972461056/photo/1",11,Gizmo,pupper,https://pbs.twimg.com/media/CZMJYCRVAAE35Wk.jpg,4.0,Pomeranian,0.943331,True,Shetland_sheepdog,0.0236751,True,chow,0.00716495,True,787.0,2651.0
689623661272240129,2016-01-20 01:41:08+00:00,"<a href=""http://twitter.com/download/iphone"" rel=""nofollow"">Twitter for iPhone</a>",This is Lucy. She's terrified of the stuffed billed dog. 10/10 stay strong pupper https://t.co/QnvSjjyh7n,"https://twitter.com/dog_rates/status/689623661272240129/photo/1,https://twitter.com/dog_rates/status/689623661272240129/photo/1",10,Lucy,pupper,https://pbs.twimg.com/media/CZIJD2SWIAMJgNI.jpg,1.0,toy_poodle,0.279604,True,mashed_potato,0.208564,False,Labrador_retriever,0.07748089999999999,True,748.0,2467.0
689143371370250240,2016-01-18 17:52:38+00:00,"<a href=""http://twitter.com/download/iphone"" rel=""nofollow"">Twitter for iPhone</a>",Meet Trip. He likes wearing costumes that aren't consistent with the season to screw with people 10/10 tricky pupper https://t.co/40w7TI5Axv,https://twitter.com/dog_rates/status/689143371370250240/photo/1,10,Trip,pupper,https://pbs.twimg.com/media/CZBUO2UWsAAKehS.jpg,1.0,English_springer,0.303781,True,papillon,0.165132,True,Welsh_springer_spaniel,0.149051,True,579.0,2232.0
687704180304273409,2016-01-14 18:33:48+00:00,"<a href=""http://twitter.com/download/iphone"" rel=""nofollow"">Twitter for iPhone</a>",Say hello to Blakely. He thinks that's a hat. Silly pupper. That's a nanner. 9/10 https://t.co/UwOV1jqKRt,https://twitter.com/dog_rates/status/687704180304273409/photo/1,9,Blakely,pupper,https://pbs.twimg.com/media/CYs3TKzUAAAF9A2.jpg,1.0,miniature_pinscher,0.956063,True,toy_terrier,0.0122306,True,Chihuahua,0.00539748,True,950.0,2660.0
686683045143953408,2016-01-11 22:56:10+00:00,"<a href=""http://twitter.com/download/iphone"" rel=""nofollow"">Twitter for iPhone</a>",This is Mona. She's a Yarborough Splishnsplash. Lost body during Nam. 11/10 revolutionary pupper https://t.co/pgD6h0yhgz,https://twitter.com/dog_rates/status/686683045143953408/photo/1,11,Mona,pupper,https://pbs.twimg.com/media/CYeWlh0WAAADhsj.jpg,1.0,Norwich_terrier,0.100499,True,cocker_spaniel,0.0806711,True,golden_retriever,0.0794062,True,912.0,3072.0
686618349602762752,2016-01-11 18:39:05+00:00,"<a href=""http://twitter.com/download/iphone"" rel=""nofollow"">Twitter for iPhone</a>",This is Olivia. She just saw an adult wearing crocs. 11/10 poor pupper. No one should witness such a thing https://t.co/yJVTi1DjJc,https://twitter.com/dog_rates/status/686618349602762752/photo/1,11,Olivia,pupper,https://pbs.twimg.com/media/CYdbvwjWcAEtjYu.jpg,1.0,Rottweiler,0.441331,True,miniature_pinscher,0.23318000000000005,True,Gordon_setter,0.093582,True,1544.0,4042.0
686377065986265092,2016-01-11 02:40:19+00:00,"<a href=""http://twitter.com/download/iphone"" rel=""nofollow"">Twitter for iPhone</a>",Meet Birf. He thinks he's gone blind. 10/10 very frightened pupper https://t.co/oDkspjNWYX,https://twitter.com/dog_rates/status/686377065986265092/photo/1,10,Birf,pupper,https://pbs.twimg.com/media/CYaAS2kUoAINkye.jpg,1.0,German_shepherd,0.830816,True,Leonberg,0.0763252,True,bloodhound,0.0374486,True,637.0,2433.0
685943807276412928,2016-01-09 21:58:42+00:00,"<a href=""http://twitter.com/download/iphone"" rel=""nofollow"">Twitter for iPhone</a>",This is the newly formed pupper a capella group. They're just starting out but I see tons of potential. 8/10 for all https://t.co/wbAcvFoNtn,https://twitter.com/dog_rates/status/685943807276412928/video/1,8,the,pupper,https://pbs.twimg.com/ext_tw_video_thumb/685943751555051520/pu/img/rlBvQWaFPUMx1MTi.jpg,1.0,papillon,0.200812,True,toy_terrier,0.114512,True,Cardigan,0.0945196,True,696.0,1801.0
685641971164143616,2016-01-09 01:59:19+00:00,"<a href=""http://twitter.com/download/iphone"" rel=""nofollow"">Twitter for iPhone</a>",This is Otis. He just passed a cop while going 61 in a 45. Very nervous pupper. 7/10 https://t.co/jJS8qQeuNO,https://twitter.com/dog_rates/status/685641971164143616/photo/1,7,Otis,pupper,https://pbs.twimg.com/media/CYPjvFqW8AAgiP2.jpg,1.0,Lakeland_terrier,0.253839,True,Airedale,0.213349,True,three-toed_sloth,0.0838341,False,885.0,3218.0
685268753634967552,2016-01-08 01:16:17+00:00,"<a href=""http://twitter.com/download/iphone"" rel=""nofollow"">Twitter for iPhone</a>",This is Hubertson. He's a Carmel Haberdashery. Enjoys long summer days on his boat. Very peaceful pupper. 10/10 https://t.co/vzCl35fKlZ,https://twitter.com/dog_rates/status/685268753634967552/photo/1,10,Hubertson,pupper,https://pbs.twimg.com/media/CYKQS0xUQAEOptC.jpg,1.0,pug,0.999044,True,Norwegian_elkhound,0.000546586,True,bull_mastiff,0.000235195,True,1371.0,3419.0
685169283572338688,2016-01-07 18:41:01+00:00,"<a href=""http://twitter.com/download/iphone"" rel=""nofollow"">Twitter for iPhone</a>",Meet Gerbald. He just found out he's adopted. Poor pupper. Snazzy tongue tho. 11/10 would hold close in time of need https://t.co/UfGkB9Wrud,https://twitter.com/dog_rates/status/685169283572338688/photo/1,11,Gerbald,pupper,https://pbs.twimg.com/media/CYI10WhWsAAjzii.jpg,1.0,Bernese_mountain_dog,0.975096,True,Appenzeller,0.0145781,True,EntleBucher,0.00594348,True,1620.0,4489.0
683481228088049664,2016-01-03 02:53:17+00:00,"<a href=""http://twitter.com/download/iphone"" rel=""nofollow"">Twitter for iPhone</a>",Meet Banjo. He's a Peppercorn Shoop Da Whoop. Nails look lethal. Skeptical of luminescent orb 11/10 stay woke pupper https://t.co/H7NZFumpKq,https://twitter.com/dog_rates/status/683481228088049664/photo/1,11,Banjo,pupper,https://pbs.twimg.com/media/CXw2jSpWMAAad6V.jpg,1.0,keeshond,0.508951,True,chow,0.442016,True,German_shepherd,0.013206,True,1118.0,2878.0
683142553609318400,2016-01-02 04:27:31+00:00,"<a href=""http://twitter.com/download/iphone"" rel=""nofollow"">Twitter for iPhone</a>",Meet Brandy. She's a member of the Bloods. Menacing criminal pupper. Soft spot for flowers tho. 9/10 pet w caution https://t.co/hhIA3coiAJ,https://twitter.com/dog_rates/status/683142553609318400/photo/1,9,Brandy,pupper,https://pbs.twimg.com/media/CXsChyjW8AQJ16C.jpg,1.0,Leonberg,0.605851,True,chow,0.18347,True,German_shepherd,0.0796619,True,1173.0,3162.0
683111407806746624,2016-01-02 02:23:45+00:00,"<a href=""http://twitter.com/download/iphone"" rel=""nofollow"">Twitter for iPhone</a>",This is Larry. He thought the New Year's parties were tonight. 10/10 poor pupper. Maybe next year https://t.co/h3X0jK8MVM,https://twitter.com/dog_rates/status/683111407806746624/photo/1,10,Larry,pupper,https://pbs.twimg.com/media/CXrmMSpUwAAdeRj.jpg,1.0,cocker_spaniel,0.901392,True,soft-coated_wheaten_terrier,0.0286048,True,miniature_schnauzer,0.0178054,True,1034.0,3736.0
681891461017812993,2015-12-29 17:36:07+00:00,"<a href=""http://twitter.com/download/iphone"" rel=""nofollow"">Twitter for iPhone</a>",Say hello to Charlie. He's scholarly af. Quite intimidating with all his pupper knowledge 10/10 even built that fire https://t.co/9KThv6z8u5,https://twitter.com/dog_rates/status/681891461017812993/photo/1,10,Charlie,pupper,https://pbs.twimg.com/media/CXaQqGbWMAAKEgN.jpg,1.0,Chihuahua,0.20357,True,doormat,0.13431600000000002,False,toy_terrier,0.0844823,True,951.0,2706.0
681694085539872773,2015-12-29 04:31:49+00:00,"<a href=""http://twitter.com/download/iphone"" rel=""nofollow"">Twitter for iPhone</a>",This is Bo. He's a Benedoop Cumbersnatch. Seems frustrated with own feet. Portable as hell. 11/10 very solid pupper https://t.co/TONMhRoQh7,https://twitter.com/dog_rates/status/681694085539872773/photo/1,11,Bo,pupper,https://pbs.twimg.com/media/CXXdJ7CVAAALu23.jpg,1.0,toy_poodle,0.920992,True,miniature_poodle,0.0608572,True,Maltese_dog,0.00606372,True,4581.0,14010.0
681654059175129088,2015-12-29 01:52:46+00:00,"<a href=""http://twitter.com/download/iphone"" rel=""nofollow"">Twitter for iPhone</a>",This is Toffee. He's a happy pupper. Appears dangerously fluffy. Extraordinarily spherical. 12/10 would pet firmly https://t.co/oEXEKt3MHu,https://twitter.com/dog_rates/status/681654059175129088/photo/1,12,Toffee,pupper,https://pbs.twimg.com/media/CXW4wGHWsAE_eBD.jpg,1.0,Pomeranian,0.800538,True,chow,0.146892,True,Pekinese,0.0376125,True,1045.0,2903.0
680836378243002368,2015-12-26 19:43:36+00:00,"<a href=""http://twitter.com/download/iphone"" rel=""nofollow"">Twitter for iPhone</a>",This is Ellie. She's secretly ferocious. 12/10 very deadly pupper https://t.co/BF4BW8LUgb,"https://twitter.com/dog_rates/status/680836378243002368/photo/1,https://twitter.com/dog_rates/status/680836378243002368/photo/1,https://twitter.com/dog_rates/status/680836378243002368/photo/1",12,Ellie,pupper,https://pbs.twimg.com/media/CXLREjOW8AElfk6.jpg,3.0,Pembroke,0.427781,True,Shetland_sheepdog,0.160669,True,Pomeranian,0.11125,True,1513.0,3766.0
680473011644985345,2015-12-25 19:39:43+00:00,"<a href=""http://twitter.com/download/iphone"" rel=""nofollow"">Twitter for iPhone</a>","This is Hector. He thinks he's a hammer. Silly Hector. You're a pupper, not a hammer. 10/10 https://t.co/OdUFuZIXiI",https://twitter.com/dog_rates/status/680473011644985345/photo/1,10,Hector,pupper,https://pbs.twimg.com/media/CXGGlzvWYAArPfk.jpg,1.0,Lakeland_terrier,0.796694,True,West_Highland_white_terrier,0.138709,True,Norwich_terrier,0.016253399999999998,True,844.0,2778.0
680145970311643136,2015-12-24 22:00:10+00:00,"<a href=""http://twitter.com/download/iphone"" rel=""nofollow"">Twitter for iPhone</a>",Say hello to Kawhi. He was doing fine until his hat fell off. He got it back though. 10/10 deep breaths pupper https://t.co/N5pM6WBx7e,"https://twitter.com/dog_rates/status/680145970311643136/photo/1,https://twitter.com/dog_rates/status/680145970311643136/photo/1,https://twitter.com/dog_rates/status/680145970311643136/photo/1",10,Kawhi,pupper,https://pbs.twimg.com/media/CXBdJxLUsAAWql2.jpg,1.0,miniature_poodle,0.457117,True,toy_poodle,0.226481,True,Maltese_dog,0.0676815,True,1972.0,3955.0
679777920601223168,2015-12-23 21:37:40+00:00,"<a href=""http://twitter.com/download/iphone"" rel=""nofollow"">Twitter for iPhone</a>",This is Rinna. She's melting. 10/10 get inside pupper https://t.co/PA0czwucsb,https://twitter.com/dog_rates/status/679777920601223168/photo/1,10,Rinna,pupper,https://pbs.twimg.com/media/CW8OYajUMAAPRoF.jpg,1.0,bloodhound,0.5288189999999999,True,bull_mastiff,0.420119,True,French_bulldog,0.00948059,True,1281.0,3390.0
678389028614488064,2015-12-20 01:38:42+00:00,"<a href=""http://twitter.com/download/iphone"" rel=""nofollow"">Twitter for iPhone</a>","This is Bella. She just learned that her final grade in chem was a 92.49 
poor pupper 11/10 https://t.co/auOoKuoveM",https://twitter.com/dog_rates/status/678389028614488064/photo/1,11,Bella,pupper,https://pbs.twimg.com/media/CWofOHUWUAACGVa.jpg,1.0,miniature_pinscher,0.516284,True,kelpie,0.227402,True,vizsla,0.103246,True,473.0,2044.0
677269281705472000,2015-12-16 23:29:14+00:00,"<a href=""http://twitter.com/download/iphone"" rel=""nofollow"">Twitter for iPhone</a>",This is the happiest pupper I've ever seen. 10/10 would trade lives with https://t.co/ep8ATEJwRb,https://twitter.com/dog_rates/status/677269281705472000/photo/1,10,the,pupper,https://pbs.twimg.com/media/CWYk0WxWoAAEwRt.jpg,1.0,Shetland_sheepdog,0.656616,True,collie,0.195405,True,German_shepherd,0.0131032,True,790.0,2164.0
676603393314578432,2015-12-15 03:23:14+00:00,"<a href=""http://twitter.com/download/iphone"" rel=""nofollow"">Twitter for iPhone</a>",This is Godzilla pupper. He had a ruff childhood &amp; now deflects that pain outward by terrorizing cities. Tragic 9/10 https://t.co/g1tLGkyaxr,https://twitter.com/dog_rates/status/676603393314578432/photo/1,9,Godzilla,pupper,https://pbs.twimg.com/media/CWPHMqKVAAAE78E.jpg,1.0,whippet,0.8770209999999999,True,Great_Dane,0.0341819,True,boxer,0.028404,True,440.0,1280.0
675845657354215424,2015-12-13 01:12:15+00:00,"<a href=""http://twitter.com/download/iphone"" rel=""nofollow"">Twitter for iPhone</a>","This is Pepper. She's not fully comfortable riding her imaginary bike yet. 10/10 don't worry pupper, it gets easier https://t.co/40dj4eTsXG",https://twitter.com/dog_rates/status/675845657354215424/photo/1,10,Pepper,pupper,https://pbs.twimg.com/media/CWEWClfW4AAnqhG.jpg,1.0,pug,0.8839520000000001,True,Boston_bull,0.0110568,True,French_bulldog,0.00983981,True,1000.0,2477.0
675006312288268288,2015-12-10 17:37:00+00:00,"<a href=""http://twitter.com/download/iphone"" rel=""nofollow"">Twitter for iPhone</a>",Say hello to Mollie. This pic was taken after she bet all her toys on Ronda Rousey. 10/10 hang in there pupper https://t.co/QMmAqA9VqO,https://twitter.com/dog_rates/status/675006312288268288/photo/1,10,Mollie,pupper,https://pbs.twimg.com/media/CV4aqCwWsAIi3OP.jpg,1.0,boxer,0.654697,True,space_heater,0.043388800000000005,False,beagle,0.0428476,True,252.0,1057.0
674774481756377088,2015-12-10 02:15:47+00:00,"<a href=""http://twitter.com/download/iphone"" rel=""nofollow"">Twitter for iPhone</a>",This is Superpup. His head isn't proportional to his body. Has yet to serve any justice. 11/10 maybe one day pupper https://t.co/gxIFgg8ktm,https://twitter.com/dog_rates/status/674774481756377088/photo/1,11,Superpup,pupper,https://pbs.twimg.com/media/CV1HztsWoAAuZwo.jpg,1.0,Chihuahua,0.407016,True,French_bulldog,0.30997800000000003,True,Siamese_cat,0.227677,False,532.0,1213.0
674737130913071104,2015-12-09 23:47:22+00:00,"<a href=""http://twitter.com/download/iphone"" rel=""nofollow"">Twitter for iPhone</a>",Meet Rufio. He is unaware of the pink legless pupper wrapped around him. Might want to get that checked 10/10 &amp; 4/10 https://t.co/KNfLnYPmYh,https://twitter.com/dog_rates/status/674737130913071104/photo/1,10,Rufio,pupper,https://pbs.twimg.com/media/CV0l10AU8AAfg-a.jpg,1.0,Pomeranian,0.948537,True,schipperke,0.0143099,True,Chihuahua,0.00812024,True,103.0,693.0
674262580978937856,2015-12-08 16:21:41+00:00,"<a href=""http://twitter.com/download/iphone"" rel=""nofollow"">Twitter for iPhone</a>",This is Gus. He's super stoked about being an elephant. Couldn't be happier. 9/10 for elephant pupper https://t.co/gJS1qU0jP7,https://twitter.com/dog_rates/status/674262580978937856/photo/1,9,Gus,pupper,https://pbs.twimg.com/media/CVt2PawWIAEUkqW.jpg,1.0,Greater_Swiss_Mountain_dog,0.519428,True,boxer,0.1215,True,Staffordshire_bullterrier,0.114498,True,498.0,1391.0
674038233588723717,2015-12-08 01:30:12+00:00,"<a href=""http://twitter.com/download/iphone"" rel=""nofollow"">Twitter for iPhone</a>",This is Kaiya. She's an aspiring shoe model. 12/10 follow your dreams pupper https://t.co/nX8FiGRHvk,https://twitter.com/dog_rates/status/674038233588723717/photo/1,12,Kaiya,pupper,https://pbs.twimg.com/media/CVqqMtiVEAEye_L.jpg,1.0,Eskimo_dog,0.358459,True,Norwegian_elkhound,0.206963,True,malamute,0.14823599999999998,True,456.0,1176.0
673956914389192708,2015-12-07 20:07:04+00:00,"<a href=""http://twitter.com/download/iphone"" rel=""nofollow"">Twitter for iPhone</a>",This is one esteemed pupper. Just graduated college. 10/10 what a champ https://t.co/nyReCVRiyd,https://twitter.com/dog_rates/status/673956914389192708/photo/1,10,one,pupper,https://pbs.twimg.com/media/CVpgPGwWoAEV7gG.jpg,1.0,pug,0.5861609999999999,True,Brabancon_griffon,0.0827437,True,Chihuahua,0.0458777,True,1069.0,2091.0
673919437611909120,2015-12-07 17:38:09+00:00,"<a href=""http://twitter.com/download/iphone"" rel=""nofollow"">Twitter for iPhone</a>",This is Obie. He is on guard watching for evildoers from the comfort of his pumpkin. Very brave pupper. 11/10 https://t.co/cdwPTsGEAb,https://twitter.com/dog_rates/status/673919437611909120/photo/1,11,Obie,pupper,https://pbs.twimg.com/media/CVo-JuMWwAAet6F.jpg,1.0,jack-o'-lantern,0.172079,False,schipperke,0.115984,True,miniature_pinscher,0.052175,True,401.0,1251.0
673707060090052608,2015-12-07 03:34:14+00:00,"<a href=""http://twitter.com/download/iphone"" rel=""nofollow"">Twitter for iPhone</a>",This is Raymond. He's absolutely terrified of floating tennis ball. 10/10 it'll be ok pupper https://t.co/QyH1CaY3SM,"https://twitter.com/dog_rates/status/673707060090052608/photo/1,https://twitter.com/dog_rates/status/673707060090052608/photo/1",10,Raymond,pupper,https://pbs.twimg.com/media/CVl8_EPWoAAcuSC.jpg,1.0,German_short-haired_pointer,0.935771,True,kelpie,0.022561,True,Labrador_retriever,0.00884665,True,434.0,1177.0
673656262056419329,2015-12-07 00:12:23+00:00,"<a href=""http://twitter.com/download/iphone"" rel=""nofollow"">Twitter for iPhone</a>",This is Albert AKA King Banana Peel. He's a kind ruler of the kitchen. Very jubilant pupper. 10/10 overall great dog https://t.co/PN8hxgZ9We,https://twitter.com/dog_rates/status/673656262056419329/photo/1,10,Albert,pupper,https://pbs.twimg.com/media/CVlOy3pW4AQ9H1K.jpg,1.0,bull_mastiff,0.700625,True,Rhodesian_ridgeback,0.0946977,True,Brabancon_griffon,0.0575594,True,265.0,769.0
673612854080196609,2015-12-06 21:19:54+00:00,"<a href=""http://twitter.com/download/iphone"" rel=""nofollow"">Twitter for iPhone</a>",This is Jeffri. He's a speckled ice pupper. Very lazy. Enjoys the occasional swim. Rather majestic really. 7/10 https://t.co/0iyItbtkr8,https://twitter.com/dog_rates/status/673612854080196609/photo/1,7,Jeffri,pupper,https://pbs.twimg.com/media/CVknUTlVEAARjU5.jpg,1.0,Newfoundland,0.223101,True,Leonberg,0.111106,True,shovel,0.0856263,False,802.0,1691.0
673342308415348736,2015-12-06 03:24:51+00:00,"<a href=""http://twitter.com/download/iphone"" rel=""nofollow"">Twitter for iPhone</a>",This is Django. He's a skilled assassin pupper. 10/10 https://t.co/w0YTuiRd1a,https://twitter.com/dog_rates/status/673342308415348736/photo/1,10,Django,pupper,https://pbs.twimg.com/media/CVgxQc5XIAAYL0W.jpg,1.0,ski_mask,0.981017,False,Chihuahua,0.013559200000000002,True,kelpie,0.00065218,True,649.0,1362.0
673295268553605120,2015-12-06 00:17:55+00:00,"<a href=""http://twitter.com/download/iphone"" rel=""nofollow"">Twitter for iPhone</a>",Meet Eve. She's a raging alcoholic 8/10 (would b 11/10 but pupper alcoholism is a tragic issue that I can't condone) https://t.co/U36HYQIijg,https://twitter.com/dog_rates/status/673295268553605120/photo/1,8,Eve,pupper,https://pbs.twimg.com/media/CVgGc9hWIAIe1bn.jpg,1.0,golden_retriever,0.889241,True,Labrador_retriever,0.06468330000000001,True,Great_Pyrenees,0.0126126,True,3484.0,8046.0
672988786805112832,2015-12-05 04:00:04+00:00,"<a href=""http://twitter.com/download/iphone"" rel=""nofollow"">Twitter for iPhone</a>",This is Schnozz. He's had a blurred tail since birth. Hasn't let that stop him. 10/10 inspirational pupper https://t.co/a3zYMcvbXG,https://twitter.com/dog_rates/status/672988786805112832/photo/1,10,Schnozz,pupper,https://pbs.twimg.com/media/CVbvjKqW4AA_CuD.jpg,1.0,Lakeland_terrier,0.8366319999999999,True,West_Highland_white_terrier,0.07389960000000001,True,wire-haired_fox_terrier,0.0381601,True,314.0,1039.0
672975131468300288,2015-12-05 03:05:49+00:00,"<a href=""http://twitter.com/download/iphone"" rel=""nofollow"">Twitter for iPhone</a>",This is Chuckles. He is one skeptical pupper. 10/10 stay woke Chuckles https://t.co/ZlcF0TIRW1,https://twitter.com/dog_rates/status/672975131468300288/photo/1,10,Chuckles,pupper,https://pbs.twimg.com/media/CVbjRSIWsAElw2s.jpg,1.0,pug,0.8364209999999999,True,Brabancon_griffon,0.044667800000000014,True,French_bulldog,0.0365705,True,1015.0,1813.0
672594978741354496,2015-12-04 01:55:13+00:00,"<a href=""http://twitter.com/download/iphone"" rel=""nofollow"">Twitter for iPhone</a>",Meet Scott. Just trying to catch his train to work. Doesn't need everybody staring. 9/10 ignore the haters pupper https://t.co/jyXbZ35MYz,https://twitter.com/dog_rates/status/672594978741354496/photo/1,9,Scott,pupper,https://pbs.twimg.com/media/CVWJkJXWsAInlZl.jpg,1.0,Great_Pyrenees,0.755945,True,Old_English_sheepdog,0.0823368,True,Afghan_hound,0.0270366,True,661.0,1411.0
672481316919734272,2015-12-03 18:23:34+00:00,"<a href=""http://twitter.com/download/iphone"" rel=""nofollow"">Twitter for iPhone</a>",Say hello to Jazz. She should be on the cover of Vogue. 12/10 gorgeous pupper https://t.co/mVCMemhXAP,https://twitter.com/dog_rates/status/672481316919734272/photo/1,12,Jazz,pupper,https://pbs.twimg.com/media/CVUiMUeW4AEQgkU.jpg,1.0,Border_collie,0.599454,True,collie,0.106227,True,Shetland_sheepdog,0.0944649,True,137.0,757.0
672254177670729728,2015-12-03 03:21:00+00:00,"<a href=""http://twitter.com/download/iphone"" rel=""nofollow"">Twitter for iPhone</a>",This is Rolf. He's having the time of his life. 11/10 good pupper https://t.co/OO6MqEbqG3,https://twitter.com/dog_rates/status/672254177670729728/photo/1,11,Rolf,pupper,https://pbs.twimg.com/media/CVRTmz1WcAA4uMF.jpg,1.0,pug,0.979487,True,French_bulldog,0.0168504,True,Norwegian_elkhound,0.00161754,True,800.0,1515.0
672205392827572224,2015-12-03 00:07:09+00:00,"<a href=""http://twitter.com/download/iphone"" rel=""nofollow"">Twitter for iPhone</a>",This is Opal. He's a Royal John Coctostan. Ready for transport. Basically indestructible. 9/10 good pupper https://t.co/yRBQF9OS7D,https://twitter.com/dog_rates/status/672205392827572224/photo/1,9,Opal,pupper,https://pbs.twimg.com/media/CVQnPMrVAAAzShR.jpg,1.0,carton,0.952613,False,crate,0.0353762,False,pug,0.00326691,True,1270.0,2414.0
672160042234327040,2015-12-02 21:06:56+00:00,"<a href=""http://twitter.com/download/iphone"" rel=""nofollow"">Twitter for iPhone</a>",This is Bubba. He's a Titted Peebles Aorta. Evolutionary masterpiece. Comfortable with his body. 8/10 great pupper https://t.co/aNkkl5nH3W,https://twitter.com/dog_rates/status/672160042234327040/photo/1,8,Bubba,pupper,https://pbs.twimg.com/media/CVP9_beUEAAwURR.jpg,1.0,pug,0.561027,True,French_bulldog,0.222114,True,Labrador_retriever,0.0654556,True,395.0,918.0
889531135344209921,2017-07-24 17:02:04+00:00,"<a href=""http://twitter.com/download/iphone"" rel=""nofollow"">Twitter for iPhone</a>",This is Stuart. He's sporting his favorite fanny pack. Secretly filled with bones only. 13/10 puppared puppo #BarkWeek https://t.co/y70o6h3isq,https://twitter.com/dog_rates/status/889531135344209921/photo/1,13,Stuart,puppo,https://pbs.twimg.com/media/DFg_2PVW0AEHN3p.jpg,1.0,golden_retriever,0.953442,True,Labrador_retriever,0.0138341,True,redbone,0.00795775,True,2321.0,15359.0
878776093423087618,2017-06-25 00:45:22+00:00,"<a href=""http://twitter.com/download/iphone"" rel=""nofollow"">Twitter for iPhone</a>",This is Snoopy. He's a proud #PrideMonthPuppo. Impeccable handwriting for not having thumbs. 13/10 would love back #PrideMonth https://t.co/lNZwgNO4gS,"https://twitter.com/dog_rates/status/878776093423087618/photo/1,https://twitter.com/dog_rates/status/878776093423087618/photo/1",13,Snoopy,puppo,https://pbs.twimg.com/media/DDIKMXzW0AEibje.jpg,2.0,Italian_greyhound,0.734684,True,whippet,0.15048699999999998,True,Ibizan_hound,0.0397246,True,4319.0,19763.0
874012996292530176,2017-06-11 21:18:31+00:00,"<a href=""http://twitter.com/download/iphone"" rel=""nofollow"">Twitter for iPhone</a>","This is Sebastian. He can't see all the colors of the rainbow, but he can see that this flag makes his human happy. 13/10 #PrideMonth puppo https://t.co/XBE0evJZ6V","https://twitter.com/dog_rates/status/874012996292530176/photo/1,https://twitter.com/dog_rates/status/874012996292530176/photo/1",13,Sebastian,puppo,https://pbs.twimg.com/media/DCEeLxjXsAAvNSM.jpg,2.0,Cardigan,0.806674,True,Pembroke,0.116622,True,kelpie,0.0491819,True,11007.0,35501.0
867421006826221569,2017-05-24 16:44:18+00:00,"<a href=""http://twitter.com/download/iphone"" rel=""nofollow"">Twitter for iPhone</a>",This is Shikha. She just watched you drop a skittle on the ground and still eat it. Could not be less impressed. 12/10 superior puppo https://t.co/XZlZKd73go,https://twitter.com/dog_rates/status/867421006826221569/photo/1,12,Shikha,puppo,https://pbs.twimg.com/media/DAmyy8FXYAIH8Ty.jpg,1.0,Eskimo_dog,0.6164569999999999,True,Siberian_husky,0.38133,True,malamute,0.00167022,True,2697.0,16755.0
825026590719483904,2017-01-27 17:04:02+00:00,"<a href=""http://twitter.com/download/iphone"" rel=""nofollow"">Twitter for iPhone</a>","Say hello to Pablo. He's one gorgeous puppo. A true 12/10. Click the link to see why Pablo requests your assistance

https://t.co/koHvVQp9bL https://t.co/IhW0JKf7kc","https://www.gofundme.com/my-puppys-double-cataract-surgery,https://twitter.com/dog_rates/status/825026590719483904/photo/1,https://twitter.com/dog_rates/status/825026590719483904/photo/1",12,Pablo,puppo,https://pbs.twimg.com/media/C3MVTeHWcAAGNfx.jpg,2.0,Eskimo_dog,0.524454,True,Siberian_husky,0.467678,True,malamute,0.00497584,True,1483.0,7020.0
819952236453363712,2017-01-13 17:00:21+00:00,"<a href=""http://twitter.com/download/iphone"" rel=""nofollow"">Twitter for iPhone</a>","This is Oliver. He has dreams of being a service puppo so he can help his owner. 13/10 selfless af

make it happen:
https://t.co/f5WMsx0a9K https://t.co/6lJz0DKZIb","https://www.gofundme.com/servicedogoliver,https://twitter.com/dog_rates/status/819952236453363712/photo/1",13,Oliver,puppo,https://pbs.twimg.com/media/C2EONHNWQAUWxkP.jpg,1.0,American_Staffordshire_terrier,0.925505,True,Staffordshire_bullterrier,0.0362215,True,Italian_greyhound,0.020411900000000004,True,1369.0,5927.0
816829038950027264,2017-01-05 02:09:53+00:00,"<a href=""http://twitter.com/download/iphone"" rel=""nofollow"">Twitter for iPhone</a>",RT @dog_rates: This is Betty. She's assisting with the dishes. Such a good puppo. 12/10 h*ckin helpful af https://t.co/dgvTPZ9tgI,"https://twitter.com/dog_rates/status/790946055508652032/photo/1,https://twitter.com/dog_rates/status/790946055508652032/photo/1",12,Betty,puppo,https://pbs.twimg.com/media/CvoBPWRWgAA4het.jpg,1.0,dishwasher,0.700466,False,golden_retriever,0.245773,True,chow,0.0390117,True,5496.0,0.0
803773340896923648,2016-11-30 01:31:12+00:00,"<a href=""http://twitter.com/download/iphone"" rel=""nofollow"">Twitter for iPhone</a>",This is Diogi. He fell in the pool as soon as he was brought home. Clumsy puppo. 12/10 would pet until dry https://t.co/ZxeRjMKaWt,"https://twitter.com/dog_rates/status/803773340896923648/photo/1,https://twitter.com/dog_rates/status/803773340896923648/photo/1,https://twitter.com/dog_rates/status/803773340896923648/photo/1,https://twitter.com/dog_rates/status/803773340896923648/photo/1",12,Diogi,puppo,https://pbs.twimg.com/media/CyeTku-XcAALkBd.jpg,2.0,miniature_pinscher,0.817066,True,redbone,0.0597065,True,Irish_terrier,0.0341952,True,3220.0,11203.0
802239329049477120,2016-11-25 19:55:35+00:00,"<a href=""http://twitter.com/download/iphone"" rel=""nofollow"">Twitter for iPhone</a>",This is Loki. He'll do your taxes for you. Can also make room in your budget for all the things you bought today. 12/10 what a puppo https://t.co/5oWrHCWg87,"https://twitter.com/dog_rates/status/802239329049477120/photo/1,https://twitter.com/dog_rates/status/802239329049477120/photo/1",12,Loki,puppo,https://pbs.twimg.com/media/CyIgaTEVEAA-9zS.jpg,2.0,Eskimo_dog,0.482498,True,Siberian_husky,0.335774,True,malamute,0.134589,True,3040.0,10132.0
793195938047070209,2016-10-31 21:00:23+00:00,"<a href=""http://twitter.com/download/iphone"" rel=""nofollow"">Twitter for iPhone</a>",Say hello to Lily. She's pupset that her costume doesn't fit as well as last year. 12/10 poor puppo https://t.co/YSi6K1firY,"https://twitter.com/dog_rates/status/793195938047070209/photo/1,https://twitter.com/dog_rates/status/793195938047070209/photo/1",12,Lily,puppo,https://pbs.twimg.com/media/CwH_foYWgAEvTyI.jpg,2.0,Labrador_retriever,0.654762,True,golden_retriever,0.0741,True,Chihuahua,0.0423393,True,6547.0,17063.0
790946055508652032,2016-10-25 16:00:09+00:00,"<a href=""http://twitter.com/download/iphone"" rel=""nofollow"">Twitter for iPhone</a>",This is Betty. She's assisting with the dishes. Such a good puppo. 12/10 h*ckin helpful af https://t.co/dgvTPZ9tgI,https://twitter.com/dog_rates/status/790946055508652032/photo/1,12,Betty,puppo,https://pbs.twimg.com/media/CvoBPWRWgAA4het.jpg,1.0,dishwasher,0.700466,False,golden_retriever,0.245773,True,chow,0.0390117,True,5496.0,18601.0
787717603741622272,2016-10-16 18:11:26+00:00,"<a href=""http://twitter.com/download/iphone"" rel=""nofollow"">Twitter for iPhone</a>",This is Tonks. She is a service puppo. Can hear a caterpillar hiccup from 7 miles away. 13/10 would follow anywhere https://t.co/i622ZbWkUp,"https://twitter.com/dog_rates/status/787717603741622272/photo/1,https://twitter.com/dog_rates/status/787717603741622272/photo/1,https://twitter.com/dog_rates/status/787717603741622272/photo/1,https://twitter.com/dog_rates/status/787717603741622272/photo/1",13,Tonks,puppo,https://pbs.twimg.com/media/Cu6I9vvWIAAZG0a.jpg,3.0,German_shepherd,0.992339,True,malinois,0.00492039,True,kelpie,0.0008528019999999999,True,3240.0,11416.0
751132876104687617,2016-07-07 19:16:47+00:00,"<a href=""http://twitter.com/download/iphone"" rel=""nofollow"">Twitter for iPhone</a>",This is Cooper. He's just so damn happy. 10/10 what's your secret puppo? https://t.co/yToDwVXEpA,"https://twitter.com/dog_rates/status/751132876104687617/photo/1,https://twitter.com/dog_rates/status/751132876104687617/photo/1",10,Cooper,puppo,https://pbs.twimg.com/media/CmyPXNOW8AEtaJ-.jpg,1.0,Labrador_retriever,0.92939,True,Chesapeake_Bay_retriever,0.0382535,True,golden_retriever,0.0076102,True,1480.0,5610.0
744995568523612160,2016-06-20 20:49:19+00:00,"<a href=""http://twitter.com/download/iphone"" rel=""nofollow"">Twitter for iPhone</a>",This is Abby. She got her face stuck in a glass. Churlish af. 9/10 rookie move puppo https://t.co/2FPb45NXrK,"https://twitter.com/dog_rates/status/744995568523612160/photo/1,https://twitter.com/dog_rates/status/744995568523612160/photo/1",9,Abby,puppo,https://pbs.twimg.com/media/ClbBg4WWEAMjwJu.jpg,1.0,Old_English_sheepdog,0.4274810000000001,True,Shih-Tzu,0.146336,True,Tibetan_terrier,0.134269,True,716.0,3277.0
743253157753532416,2016-06-16 01:25:36+00:00,"<a href=""http://twitter.com/download/iphone"" rel=""nofollow"">Twitter for iPhone</a>","This is Kilo. He cannot reach the snackum. Nifty tongue, but not nifty enough. 10/10 maybe one day puppo https://t.co/gSmp31Zrsx",https://twitter.com/dog_rates/status/743253157753532416/photo/1,10,Kilo,puppo,https://pbs.twimg.com/media/ClCQzFUUYAA5vAu.jpg,1.0,malamute,0.442612,True,Siberian_husky,0.368137,True,Eskimo_dog,0.177822,True,1366.0,4624.0
738537504001953792,2016-06-03 01:07:16+00:00,"<a href=""http://twitter.com/download/iphone"" rel=""nofollow"">Twitter for iPhone</a>",This is Bayley. She fell asleep trying to escape her evil fence enclosure. 11/10 night night puppo https://t.co/AxSiqAKEKu,"https://twitter.com/dog_rates/status/738537504001953792/photo/1,https://twitter.com/dog_rates/status/738537504001953792/photo/1",11,Bayley,puppo,https://pbs.twimg.com/media/Cj_P7rSUgAAYQbz.jpg,1.0,chow,0.808737,True,gibbon,0.028942400000000007,False,Pembroke,0.026497900000000005,True,1759.0,5575.0
